site,protect,area,landuse,block,date,month,year,wild_broswer,wild_grazer,live_broswer,live_grazer,distance_pa_boundary.km,rain.region,total_dung,livgrazer_prop
1,UP,Makao,pasture,1,19/05/2016,6,2016,0,0,0,0,-3.36,dry,0,
2,UP,Makao,pasture,2,20/05/2016,6,2016,1,1,0,3,-3.78,dry,5,0.6
3,UP,Makao,pasture,3,20/05/2016,6,2016,1,1,1,1,-3.51,dry,4,0.25
4,UP,Makao,pasture,4,20/05/2016,6,2016,0,0,3,7,-4.09,dry,10,0.7
5,PA,MakaoWMA,wild,5,23/05/2016,6,2016,1,1,0,0,0.52,dry,2,0
6,PA,MakaoWMA,wild,6,23/05/2016,6,2016,1,2,0,0,0.49,dry,3,0
7,PA,MakaoWMA,wild,7,23/05/2016,6,2016,0,0,0,0,0.67,dry,0,
8,PA,MakaoWMA,wild,8,24/05/2016,6,2016,1,1,0,0,0.38,dry,2,0
9,PA,Maswa,illegal,9,21/05/2016,6,2016,4,4,0,0,0.61,dry,8,0
10,PA,Maswa,illegal,10,22/05/2016,6,2016,0,2,0,1,1.03,dry,3,0.333333333
11,PA,Maswa,illegal,11,22/05/2016,6,2016,0,0,0,0,1.14,dry,0,
12,PA,Maswa,illegal,12,22/05/2016,6,2016,1,5,0,0,1.04,dry,6,0
13,PA,Maswa,wild,13,21/05/2016,6,2016,0,0,0,0,9.16,dry,0,
14,PA,Maswa,wild,14,21/05/2016,6,2016,2,4,0,0,9.09,dry,6,0
15,PA,Maswa,wild,15,21/05/2016,6,2016,0,3,0,0,8.82,dry,3,0
16,PA,Maswa,wild,16,21/05/2016,6,2016,0,0,0,0,8.54,dry,0,
17,UP,Mwantimba,pasture common,17,11/06/2016,6,2016,0,0,0,10,-0.41,wet,10,1
17,UP,Mwantimba,pasture common,17,30/06/2016,6,2016,0,0,2,43,-0.41,wet,45,0.955555556
18,UP,Mwantimba,pasture common,18,13/06/2016,6,2016,0,0,0,16,-0.2,wet,16,1
18,UP,Mwantimba,pasture common,18,30/06/2016,6,2016,0,0,1,68,-0.2,wet,69,0.985507246
19,UP,Mwantimba,pasture common,19,13/06/2016,6,2016,0,0,0,14,-0.11,wet,14,1
19,UP,Mwantimba,pasture common,19,30/06/2016,6,2016,0,0,1,56,-0.11,wet,57,0.98245614
20,UP,Mwantimba,pasture common,20,13/06/2016,6,2016,0,0,0,19,-0.06,wet,19,1
20,UP,Mwantimba,pasture common,20,30/06/2016,6,2016,0,0,2,55,-0.06,wet,57,0.964912281
21,UP,Mwantimba,pasture,21,10/06/2016,6,2016,0,0,4,13,-5.1,wet,17,0.764705882
21,UP,Mwantimba,pasture,21,30/06/2016,6,2016,0,0,23,36,-5.1,wet,59,0.610169492
22,UP,Mwantimba,pasture,22,15/06/2016,6,2016,0,0,0,4,-4.92,wet,4,1
22,UP,Mwantimba,pasture,22,30/06/2016,6,2016,0,0,11,14,-4.92,wet,25,0.56
23,UP,Mwantimba,pasture,23,10/06/2016,6,2016,0,0,0,1,-5.95,wet,1,1
23,UP,Mwantimba,pasture,23,30/06/2016,6,2016,0,0,0,1,-5.95,wet,1,1
24,UP,Mwantimba,pasture,24,10/06/2016,6,2016,0,0,0,4,-5.93,wet,4,1
24,UP,Mwantimba,pasture,24,30/06/2016,6,2016,0,0,0,3,-5.93,wet,3,1
25,PA,SNP,illegal,25,14/06/2016,6,2016,0,3,0,17,0.29,wet,20,0.85
26,PA,SNP,illegal,26,14/06/2016,6,2016,0,0,0,17,0.39,wet,17,1
27,PA,SNP,illegal,27,14/06/2016,6,2016,0,0,0,7,0.44,wet,7,1
28,PA,SNP,illegal,28,14/06/2016,6,2016,0,0,0,6,0.59,wet,6,1
29,PA,SNP,wild,29,12/06/2016,6,2016,0,5,0,0,0.58,wet,5,0
30,PA,SNP,wild,30,12/06/2016,6,2016,0,5,0,0,0.81,wet,5,0
31,PA,SNP,wild,31,12/06/2016,6,2016,0,1,0,0,0.61,wet,1,0
32,PA,SNP,wild,32,12/06/2016,6,2016,2,5,0,0,0.24,wet,7,0
1,UP,Makao,pasture,1,03/07/2016,7,2016,0,3,0,9,-3.36,dry,12,0.75
2,UP,Makao,pasture,2,03/07/2016,7,2016,3,0,0,15,-3.78,dry,18,0.833333333
3,UP,Makao,pasture,3,03/07/2016,7,2016,0,0,15,20,-3.51,dry,35,0.571428571
4,UP,Makao,pasture,4,03/07/2016,7,2016,0,0,0,32,-4.09,dry,32,1
5,PA,MakaoWMA,wild,5,04/07/2016,7,2016,6,13,0,0,0.52,dry,19,0
6,PA,MakaoWMA,wild,6,04/07/2016,7,2016,8,6,0,0,0.49,dry,14,0
7,PA,MakaoWMA,wild,7,04/07/2016,7,2016,5,2,0,0,0.67,dry,7,0
8,PA,MakaoWMA,wild,8,04/07/2016,7,2016,4,8,0,0,0.38,dry,12,0
9,PA,Maswa,illegal,9,05/07/2016,7,2016,2,2,0,4,0.61,dry,8,0.5
10,PA,Maswa,illegal,10,05/07/2016,7,2016,0,2,0,0,1.03,dry,2,0
11,PA,Maswa,illegal,11,05/07/2016,7,2016,2,2,0,0,1.14,dry,4,0
12,PA,Maswa,illegal,12,05/07/2016,7,2016,3,1,0,0,1.04,dry,4,0
13,PA,Maswa,wild,13,05/07/2016,7,2016,0,5,0,0,9.16,dry,5,0
14,PA,Maswa,wild,14,05/07/2016,7,2016,0,15,0,0,9.09,dry,15,0
15,PA,Maswa,wild,15,05/07/2016,7,2016,1,12,0,0,8.82,dry,13,0
16,PA,Maswa,wild,16,05/07/2016,7,2016,3,5,0,0,8.54,dry,8,0
17,UP,Mwantimba,pasture common,17,28/07/2016,7,2016,0,0,8,30,-0.41,wet,38,0.789473684
18,UP,Mwantimba,pasture common,18,28/07/2016,7,2016,0,0,4,33,-0.2,wet,37,0.891891892
19,UP,Mwantimba,pasture common,19,28/07/2016,7,2016,0,0,4,15,-0.11,wet,19,0.789473684
20,UP,Mwantimba,pasture common,20,28/07/2016,7,2016,0,0,2,12,-0.06,wet,14,0.857142857
21,UP,Mwantimba,pasture,21,28/07/2016,7,2016,0,0,2,9,-5.1,wet,11,0.818181818
22,UP,Mwantimba,pasture,22,28/07/2016,7,2016,0,0,4,13,-4.92,wet,17,0.764705882
23,UP,Mwantimba,pasture,23,28/07/2016,7,2016,0,0,0,4,-5.95,wet,4,1
24,UP,Mwantimba,pasture,24,28/07/2016,7,2016,0,0,3,20,-5.93,wet,23,0.869565217
25,PA,SNP,illegal,25,01/07/2016,7,2016,0,1,0,9,0.29,wet,10,0.9
26,PA,SNP,illegal,26,01/07/2016,7,2016,0,0,0,13,0.39,wet,13,1
27,PA,SNP,illegal,27,01/07/2016,7,2016,0,0,0,9,0.44,wet,9,1
28,PA,SNP,illegal,28,01/07/2016,7,2016,0,0,0,7,0.59,wet,7,1
29,PA,SNP,wild,29,01/07/2016,7,2016,1,8,0,0,0.58,wet,9,0
30,PA,SNP,wild,30,01/07/2016,7,2016,1,3,0,2,0.81,wet,6,0.333333333
31,PA,SNP,wild,31,01/07/2016,7,2016,0,2,0,0,0.61,wet,2,0
32,PA,SNP,wild,32,01/07/2016,7,2016,0,8,0,0,0.24,wet,8,0
1,UP,Makao,pasture,1,25/08/2016,8,2016,7,2,15,40,-3.36,dry,64,0.625
2,UP,Makao,pasture,2,25/08/2016,8,2016,8,0,14,30,-3.78,dry,52,0.576923077
3,UP,Makao,pasture,3,25/08/2016,8,2016,0,0,30,40,-3.51,dry,70,0.571428571
4,UP,Makao,pasture,4,25/08/2016,8,2016,17,2,2,30,-4.09,dry,51,0.588235294
5,PA,MakaoWMA,wild,5,25/08/2016,8,2016,13,8,0,0,0.52,dry,21,0
6,PA,MakaoWMA,wild,6,25/08/2016,8,2016,5,7,0,0,0.49,dry,12,0
7,PA,MakaoWMA,wild,7,25/08/2016,8,2016,0,6,0,0,0.67,dry,6,0
8,PA,MakaoWMA,wild,8,25/08/2016,8,2016,7,5,0,0,0.38,dry,12,0
9,PA,Maswa,illegal,9,10/08/2016,8,2016,2,7,0,0,0.61,dry,9,0
10,PA,Maswa,illegal,10,10/08/2016,8,2016,5,13,0,0,1.03,dry,18,0
11,PA,Maswa,illegal,11,10/08/2016,8,2016,2,8,0,0,1.14,dry,10,0
12,PA,Maswa,illegal,12,10/08/2016,8,2016,4,7,0,0,1.04,dry,11,0
13,PA,Maswa,wild,13,10/08/2016,8,2016,7,2,0,0,9.16,dry,9,0
14,PA,Maswa,wild,14,10/08/2016,8,2016,7,1,0,0,9.09,dry,8,0
15,PA,Maswa,wild,15,10/08/2016,8,2016,1,5,0,0,8.82,dry,6,0
16,PA,Maswa,wild,16,10/08/2016,8,2016,8,6,0,0,8.54,dry,14,0
17,UP,Mwantimba,pasture common,17,31/08/2016,8,2016,0,0,10,40,-0.41,wet,50,0.8
18,UP,Mwantimba,pasture common,18,31/08/2016,8,2016,0,0,8,56,-0.2,wet,64,0.875
19,UP,Mwantimba,pasture common,19,31/08/2016,8,2016,0,0,7,18,-0.11,wet,25,0.72
20,UP,Mwantimba,pasture common,20,31/08/2016,8,2016,0,0,8,14,-0.06,wet,22,0.636363636
21,UP,Mwantimba,pasture,21,31/08/2016,8,2016,0,0,4,12,-5.1,wet,16,0.75
22,UP,Mwantimba,pasture,22,31/08/2016,8,2016,0,0,6,18,-4.92,wet,24,0.75
23,UP,Mwantimba,pasture,23,31/08/2016,8,2016,0,0,2,10,-5.95,wet,12,0.833333333
24,UP,Mwantimba,pasture,24,31/08/2016,8,2016,0,0,8,30,-5.93,wet,38,0.789473684
25,PA,SNP,illegal,25,01/08/2016,8,2016,0,1,0,1,0.29,wet,2,0.5
26,PA,SNP,illegal,26,01/08/2016,8,2016,0,0,0,1,0.39,wet,1,1
27,PA,SNP,illegal,27,01/08/2016,8,2016,0,0,0,0,0.44,wet,0,
28,PA,SNP,illegal,28,01/08/2016,8,2016,0,1,0,0,0.59,wet,1,0
29,PA,SNP,wild,29,01/08/2016,8,2016,1,4,0,0,0.58,wet,5,0
30,PA,SNP,wild,30,01/08/2016,8,2016,1,0,0,0,0.81,wet,1,0
31,PA,SNP,wild,31,01/08/2016,8,2016,1,2,0,0,0.61,wet,3,0
32,PA,SNP,wild,32,01/08/2016,8,2016,1,2,0,0,0.24,wet,3,0
1,UP,Makao,pasture,1,27/09/2016,9,2016,7,5,5,25,-3.36,dry,42,0.595238095
2,UP,Makao,pasture,2,27/09/2016,9,2016,9,0,2,20,-3.78,dry,31,0.64516129
3,UP,Makao,pasture,3,27/09/2016,9,2016,4,0,5,20,-3.51,dry,29,0.689655172
4,UP,Makao,pasture,4,27/09/2016,9,2016,15,5,7,40,-4.09,dry,67,0.597014925
5,PA,MakaoWMA,wild,5,27/09/2016,9,2016,3,43,0,0,0.52,dry,46,0
6,PA,MakaoWMA,wild,6,27/09/2016,9,2016,3,24,0,0,0.49,dry,27,0
7,PA,MakaoWMA,wild,7,27/09/2016,9,2016,2,15,0,0,0.67,dry,17,0
8,PA,MakaoWMA,wild,8,27/09/2016,9,2016,6,17,0,0,0.38,dry,23,0
9,PA,Maswa,illegal,9,27/09/2016,9,2016,10,3,0,0,0.61,dry,13,0
10,PA,Maswa,illegal,10,27/09/2016,9,2016,2,13,0,0,1.03,dry,15,0
11,PA,Maswa,illegal,11,27/09/2016,9,2016,1,2,0,0,1.14,dry,3,0
12,PA,Maswa,illegal,12,27/09/2016,9,2016,4,6,0,0,1.04,dry,10,0
13,PA,Maswa,wild,13,27/09/2016,9,2016,5,3,0,0,9.16,dry,8,0
14,PA,Maswa,wild,14,27/09/2016,9,2016,1,6,0,0,9.09,dry,7,0
15,PA,Maswa,wild,15,27/09/2016,9,2016,1,4,0,0,8.82,dry,5,0
16,PA,Maswa,wild,16,27/09/2016,9,2016,4,3,0,0,8.54,dry,7,0
17,UP,Mwantimba,pasture common,17,18/09/2016,9,2016,0,0,86,30,-0.41,wet,116,0.25862069
18,UP,Mwantimba,pasture common,18,18/09/2016,9,2016,0,0,6,40,-0.2,wet,46,0.869565217
19,UP,Mwantimba,pasture common,19,18/09/2016,9,2016,0,0,7,17,-0.11,wet,24,0.708333333
20,UP,Mwantimba,pasture common,20,18/09/2016,9,2016,0,0,2,14,-0.06,wet,16,0.875
21,UP,Mwantimba,pasture,21,18/09/2016,9,2016,0,0,6,8,-5.1,wet,14,0.571428571
22,UP,Mwantimba,pasture,22,18/09/2016,9,2016,0,0,13,5,-4.92,wet,18,0.277777778
23,UP,Mwantimba,pasture,23,18/09/2016,9,2016,0,0,8,3,-5.95,wet,11,0.272727273
24,UP,Mwantimba,pasture,24,18/09/2016,9,2016,0,0,6,22,-5.93,wet,28,0.785714286
25,PA,SNP,illegal,25,29/09/2016,9,2016,0,6,0,5,0.29,wet,11,0.454545455
26,PA,SNP,illegal,26,29/09/2016,9,2016,0,0,0,17,0.39,wet,17,1
27,PA,SNP,illegal,27,29/09/2016,9,2016,0,0,0,8,0.44,wet,8,1
28,PA,SNP,illegal,28,29/09/2016,9,2016,0,0,0,7,0.59,wet,7,1
29,PA,SNP,wild,29,29/09/2016,9,2016,4,15,0,0,0.58,wet,19,0
30,PA,SNP,wild,30,29/09/2016,9,2016,11,18,0,0,0.81,wet,29,0
31,PA,SNP,wild,31,29/09/2016,9,2016,1,12,0,0,0.61,wet,13,0
32,PA,SNP,wild,32,29/09/2016,9,2016,5,11,0,0,0.24,wet,16,0
1,UP,Makao,pasture,1,08/10/2016,10,2016,8,0,8,30,-3.36,dry,46,0.652173913
2,UP,Makao,pasture,2,08/10/2016,10,2016,3,0,8,38,-3.78,dry,49,0.775510204
3,UP,Makao,pasture,3,08/10/2016,10,2016,8,0,12,26,-3.51,dry,46,0.565217391
4,UP,Makao,pasture,4,08/10/2016,10,2016,10,0,0,30,-4.09,dry,40,0.75
5,PA,MakaoWMA,wild,5,08/10/2016,10,2016,8,32,0,0,0.52,dry,40,0
6,PA,MakaoWMA,wild,6,08/10/2016,10,2016,11,8,0,0,0.49,dry,19,0
7,PA,MakaoWMA,wild,7,08/10/2016,10,2016,4,9,0,0,0.67,dry,13,0
8,PA,MakaoWMA,wild,8,08/10/2016,10,2016,3,23,0,0,0.38,dry,26,0
9,PA,Maswa,illegal,9,09/10/2016,10,2016,8,23,0,0,0.61,dry,31,0
10,PA,Maswa,illegal,10,09/10/2016,10,2016,2,24,0,0,1.03,dry,26,0
11,PA,Maswa,illegal,11,09/10/2016,10,2016,1,17,0,0,1.14,dry,18,0
12,PA,Maswa,illegal,12,09/10/2016,10,2016,12,19,0,0,1.04,dry,31,0
13,PA,Maswa,wild,13,08/10/2016,10,2016,3,1,0,0,9.16,dry,4,0
14,PA,Maswa,wild,14,08/10/2016,10,2016,18,3,0,0,9.09,dry,21,0
15,PA,Maswa,wild,15,08/10/2016,10,2016,11,3,0,0,8.82,dry,14,0
16,PA,Maswa,wild,16,08/10/2016,10,2016,7,9,0,0,8.54,dry,16,0
17,UP,Mwantimba,pasture common,18,04/10/2016,10,2016,0,0,0,2,-0.2,wet,2,1
18,UP,Mwantimba,pasture common,18,04/10/2016,10,2016,0,0,0,6,-0.2,wet,6,1
19,UP,Mwantimba,pasture common,19,04/10/2016,10,2016,0,0,0,22,-0.11,wet,22,1
20,UP,Mwantimba,pasture common,20,04/10/2016,10,2016,0,0,1,21,-0.06,wet,22,0.954545455
21,UP,Mwantimba,pasture,21,06/10/2016,10,2016,0,0,0,4,-5.1,wet,4,1
22,UP,Mwantimba,pasture,22,06/10/2016,10,2016,0,0,4,19,-4.92,wet,23,0.826086957
23,UP,Mwantimba,pasture,23,06/10/2016,10,2016,0,0,0,4,-5.95,wet,4,1
24,UP,Mwantimba,pasture,24,06/10/2016,10,2016,0,0,0,14,-5.93,wet,14,1
25,PA,SNP,illegal,25,05/10/2016,10,2016,0,2,0,5,0.29,wet,7,0.714285714
26,PA,SNP,illegal,26,05/10/2016,10,2016,1,0,0,6,0.39,wet,7,0.857142857
27,PA,SNP,illegal,27,05/10/2016,10,2016,0,0,0,2,0.44,wet,2,1
28,PA,SNP,illegal,28,05/10/2016,10,2016,0,0,0,7,0.59,wet,7,1
29,PA,SNP,wild,29,04/10/2016,10,2016,14,4,0,1,0.58,wet,19,0.052631579
30,PA,SNP,wild,30,06/10/2016,10,2016,2,2,0,0,0.81,wet,4,0
31,PA,SNP,wild,31,06/10/2016,10,2016,3,0,0,0,0.61,wet,3,0
32,PA,SNP,wild,32,04/10/2016,10,2016,0,2,0,0,0.24,wet,2,0
1,UP,Makao,pasture,1,25/11/2016,11,2016,7,0,0,10,-3.36,dry,17,0.588235294
2,UP,Makao,pasture,2,25/11/2016,11,2016,0,0,0,15,-3.78,dry,15,1
3,UP,Makao,pasture,3,25/11/2016,11,2016,0,0,0,10,-3.51,dry,10,1
4,UP,Makao,pasture,4,25/11/2016,11,2016,2,0,0,6,-4.09,dry,8,0.75
5,PA,MakaoWMA,wild,5,25/11/2016,11,2016,0,10,0,0,0.52,dry,10,0
6,PA,MakaoWMA,wild,6,25/11/2016,11,2016,0,25,0,0,0.49,dry,25,0
7,PA,MakaoWMA,wild,7,25/11/2016,11,2016,0,9,0,0,0.67,dry,9,0
8,PA,MakaoWMA,wild,8,25/11/2016,11,2016,0,7,0,0,0.38,dry,7,0
9,PA,Maswa,illegal,9,14/11/2016,11,2016,6,3,0,0,0.61,dry,9,0
10,PA,Maswa,illegal,10,14/11/2016,11,2016,5,5,0,0,1.03,dry,10,0
11,PA,Maswa,illegal,11,14/11/2016,11,2016,9,4,0,0,1.14,dry,13,0
12,PA,Maswa,illegal,12,14/11/2016,11,2016,6,7,0,0,1.04,dry,13,0
13,PA,Maswa,wild,13,14/11/2016,11,2016,4,3,0,0,9.16,dry,7,0
14,PA,Maswa,wild,14,14/11/2016,11,2016,11,3,0,0,9.09,dry,14,0
15,PA,Maswa,wild,15,14/11/2016,11,2016,5,4,0,0,8.82,dry,9,0
16,PA,Maswa,wild,16,14/11/2016,11,2016,6,3,0,0,8.54,dry,9,0
17,UP,Mwantimba,pasture common,17,25/11/2016,11,2016,0,0,12,40,-0.41,wet,52,0.769230769
18,UP,Mwantimba,pasture common,18,25/11/2016,11,2016,0,0,8,30,-0.2,wet,38,0.789473684
19,UP,Mwantimba,pasture common,19,25/11/2016,11,2016,0,0,10,25,-0.11,wet,35,0.714285714
20,UP,Mwantimba,pasture common,20,25/11/2016,11,2016,0,0,0,18,-0.06,wet,18,1
21,UP,Mwantimba,pasture,21,25/11/2016,11,2016,0,0,10,4,-5.1,wet,14,0.285714286
22,UP,Mwantimba,pasture,22,25/11/2016,11,2016,0,0,7,2,-4.92,wet,9,0.222222222
23,UP,Mwantimba,pasture,23,25/11/2016,11,2016,0,0,1,2,-5.95,wet,3,0.666666667
24,UP,Mwantimba,pasture,24,25/11/2016,11,2016,0,0,2,6,-5.93,wet,8,0.75
25,PA,SNP,illegal,25,10/11/2016,11,2016,0,2,0,7,0.29,wet,9,0.777777778
28,PA,SNP,illegal,28,10/11/2016,11,2016,0,0,0,5,0.59,wet,5,1
29,PA,SNP,wild,29,10/11/2016,11,2016,0,4,0,0,0.58,wet,4,0
30,PA,SNP,wild,30,10/11/2016,11,2016,0,2,0,0,0.81,wet,2,0
31,PA,SNP,wild,31,10/11/2016,11,2016,1,3,0,0,0.61,wet,4,0
32,PA,SNP,wild,32,10/11/2016,11,2016,0,4,0,0,0.24,wet,4,0
1,UP,Makao,pasture,1,27/12/2016,12,2016,0,0,0,12,-3.36,dry,12,1
2,UP,Makao,pasture,2,27/12/2016,12,2016,2,0,0,17,-3.78,dry,19,0.894736842
3,UP,Makao,pasture,3,27/12/2016,12,2016,0,0,0,7,-3.51,dry,7,1
4,UP,Makao,pasture,4,27/12/2016,12,2016,2,0,0,8,-4.09,dry,10,0.8
5,PA,MakaoWMA,wild,5,27/12/2016,12,2016,0,20,0,0,0.52,dry,20,0
6,PA,MakaoWMA,wild,6,27/12/2016,12,2016,0,27,0,0,0.49,dry,27,0
7,PA,MakaoWMA,wild,7,27/12/2016,12,2016,0,7,0,0,0.67,dry,7,0
8,PA,MakaoWMA,wild,8,27/12/2016,12,2016,0,6,0,0,0.38,dry,6,0
9,PA,Maswa,illegal,9,04/12/2016,12,2016,7,4,0,0,0.61,dry,11,0
10,PA,Maswa,illegal,10,04/12/2016,12,2016,9,3,0,0,1.03,dry,12,0
11,PA,Maswa,illegal,11,04/12/2016,12,2016,7,5,0,0,1.14,dry,12,0
12,PA,Maswa,illegal,12,04/12/2016,12,2016,13,2,0,0,1.04,dry,15,0
13,PA,Maswa,wild,13,04/12/2016,12,2016,7,5,0,0,9.16,dry,12,0
14,PA,Maswa,wild,14,04/12/2016,12,2016,13,4,0,0,9.09,dry,17,0
15,PA,Maswa,wild,15,04/12/2016,12,2016,5,6,0,0,8.82,dry,11,0
16,PA,Maswa,wild,16,04/12/2016,12,2016,6,8,0,0,8.54,dry,14,0
17,UP,Mwantimba,pasture common,17,27/12/2016,12,2016,0,0,13,30,-0.41,wet,43,0.697674419
18,UP,Mwantimba,pasture common,18,27/12/2016,12,2016,0,0,10,22,-0.2,wet,32,0.6875
19,UP,Mwantimba,pasture common,19,27/12/2016,12,2016,0,0,14,20,-0.11,wet,34,0.588235294
20,UP,Mwantimba,pasture common,20,27/12/2016,12,2016,0,0,8,10,-0.06,wet,18,0.555555556
21,UP,Mwantimba,pasture,21,27/12/2016,12,2016,0,0,12,2,-5.1,wet,14,0.142857143
22,UP,Mwantimba,pasture,22,27/12/2016,12,2016,0,0,8,3,-4.92,wet,11,0.272727273
23,UP,Mwantimba,pasture,23,27/12/2016,12,2016,0,0,4,6,-5.95,wet,10,0.6
24,UP,Mwantimba,pasture,24,27/12/2016,12,2016,0,0,6,4,-5.93,wet,10,0.4
25,PA,SNP,illegal,25,13/12/2016,12,2016,2,3,0,3,0.29,wet,8,0.375
26,PA,SNP,illegal,26,13/12/2016,12,2016,1,4,0,4,0.39,wet,9,0.444444444
27,PA,SNP,illegal,27,13/12/2016,12,2016,2,3,0,7,0.44,wet,12,0.583333333
28,PA,SNP,illegal,28,13/12/2016,12,2016,2,2,0,2,0.59,wet,6,0.333333333
29,PA,SNP,wild,29,13/12/2016,12,2016,2,3,0,6,0.58,wet,11,0.545454545
30,PA,SNP,wild,30,13/12/2016,12,2016,1,4,0,4,0.81,wet,9,0.444444444
31,PA,SNP,wild,31,13/12/2016,12,2016,2,3,0,2,0.61,wet,7,0.285714286
32,PA,SNP,wild,32,13/12/2016,12,2016,2,2,0,3,0.24,wet,7,0.428571429
1,UP,Makao,pasture,1,31/01/2017,1,2017,4,0,0,24,-3.36,dry,28,0.857142857
2,UP,Makao,pasture,2,31/01/2017,1,2017,4,8,9,8,-3.78,dry,29,0.275862069
3,UP,Makao,pasture,3,31/01/2017,1,2017,4,0,0,24,-3.51,dry,28,0.857142857
4,UP,Makao,pasture,4,31/01/2017,1,2017,0,0,0,23,-4.09,dry,23,1
5,PA,MakaoWMA,wild,5,31/01/2017,1,2017,4,32,0,0,0.52,dry,36,0
6,PA,MakaoWMA,wild,6,31/01/2017,1,2017,0,34,0,0,0.49,dry,34,0
7,PA,MakaoWMA,wild,7,31/01/2017,1,2017,0,26,0,0,0.67,dry,26,0
8,PA,MakaoWMA,wild,8,31/01/2017,1,2017,0,36,0,0,0.38,dry,36,0
10,PA,Maswa,illegal,10,01/02/2017,1,2017,2,15,0,0,1.03,dry,17,0
11,PA,Maswa,illegal,11,01/02/2017,1,2017,0,24,0,0,1.14,dry,24,0
13,PA,Maswa,wild,13,01/02/2017,1,2017,5,0,0,0,9.16,dry,5,0
14,PA,Maswa,wild,14,01/02/2017,1,2017,1,4,0,0,9.09,dry,5,0
15,PA,Maswa,wild,15,01/02/2017,1,2017,0,4,0,0,8.82,dry,4,0
16,PA,Maswa,wild,16,01/02/2017,1,2017,4,0,0,0,8.54,dry,4,0
21,UP,Mwantimba,pasture,21,27/01/2017,1,2017,0,0,3,10,-5.1,wet,13,0.769230769
22,UP,Mwantimba,pasture,22,27/01/2017,1,2017,0,0,4,17,-4.92,wet,21,0.80952381
23,UP,Mwantimba,pasture,23,27/01/2017,1,2017,0,0,4,16,-5.95,wet,20,0.8
24,UP,Mwantimba,pasture,24,27/01/2017,1,2017,0,0,1,14,-5.93,wet,15,0.933333333
29,PA,SNP,wild,29,28/01/2017,1,2017,3,6,0,3,0.58,wet,12,0.25
30,PA,SNP,wild,30,28/01/2017,1,2017,5,3,0,1,0.81,wet,9,0.111111111
31,PA,SNP,wild,31,28/01/2017,1,2017,0,4,0,0,0.61,wet,4,0
32,PA,SNP,wild,32,28/01/2017,1,2017,0,3,0,0,0.24,wet,3,0
10,PA,Maswa,illegal,10,20/01/2017,1,2017,5,8,0,0,1.03,dry,13,0
11,PA,Maswa,illegal,11,20/01/2017,1,2017,3,11,0,0,1.14,dry,14,0
13,PA,Maswa,wild,13,18/01/2017,1,2017,7,6,0,0,9.16,dry,13,0
14,PA,Maswa,wild,14,18/01/2017,1,2017,5,6,0,0,9.09,dry,11,0
15,PA,Maswa,wild,15,18/01/2017,1,2017,7,5,0,0,8.82,dry,12,0
16,PA,Maswa,wild,16,18/01/2017,1,2017,9,5,0,0,8.54,dry,14,0
1,UP,Makao,pasture,1,22/02/2017,2,2017,1,15,0,9,-3.36,dry,25,0.36
2,UP,Makao,pasture,2,22/02/2017,2,2017,30,17,0,10,-3.78,dry,57,0.175438596
3,UP,Makao,pasture,3,22/02/2017,2,2017,3,17,0,12,-3.51,dry,32,0.375
4,UP,Makao,pasture,4,22/02/2017,2,2017,4,32,0,5,-4.09,dry,41,0.12195122
5,PA,MakaoWMA,wild,5,22/02/2017,2,2017,0,13,0,0,0.52,dry,13,0
6,PA,MakaoWMA,wild,6,22/02/2017,2,2017,0,50,0,0,0.49,dry,50,0
7,PA,MakaoWMA,wild,7,22/02/2017,2,2017,0,21,0,0,0.67,dry,21,0
8,PA,MakaoWMA,wild,8,22/02/2017,2,2017,5,17,0,0,0.38,dry,22,0
10,PA,Maswa,illegal,10,17/02/2017,2,2017,3,6,0,0,1.03,dry,9,0
11,PA,Maswa,illegal,11,17/02/2017,2,2017,9,3,0,0,1.14,dry,12,0
13,PA,Maswa,wild,13,17/02/2017,2,2017,5,7,0,0,9.16,dry,12,0
14,PA,Maswa,wild,14,17/02/2017,2,2017,6,12,0,0,9.09,dry,18,0
15,PA,Maswa,wild,15,17/02/2017,2,2017,9,10,0,0,8.82,dry,19,0
16,PA,Maswa,wild,16,17/02/2017,2,2017,5,15,0,0,8.54,dry,20,0
21,UP,Mwantimba,pasture,21,24/02/2017,2,2017,0,0,2,4,-5.1,wet,6,0.666666667
22,UP,Mwantimba,pasture,22,24/02/2017,2,2017,0,0,3,3,-4.92,wet,6,0.5
23,UP,Mwantimba,pasture,23,24/02/2017,2,2017,0,0,1,3,-5.95,wet,4,0.75
24,UP,Mwantimba,pasture,24,24/02/2017,2,2017,0,0,2,4,-5.93,wet,6,0.666666667
29,PA,SNP,wild,29,28/02/2017,2,2017,3,1,0,0,0.58,wet,4,0
30,PA,SNP,wild,30,28/02/2017,2,2017,2,0,0,2,0.81,wet,4,0.5
31,PA,SNP,wild,31,28/02/2017,2,2017,0,0,0,0,0.61,wet,0,
32,PA,SNP,wild,32,28/02/2017,2,2017,0,0,0,0,0.24,wet,0,
1,UP,Makao,pasture,1,30/03/2017,3,2017,0,0,0,15,-3.36,dry,15,1
2,UP,Makao,pasture,2,30/03/2017,3,2017,0,0,0,17,-3.78,dry,17,1
3,UP,Makao,pasture,3,30/03/2017,3,2017,0,0,0,20,-3.51,dry,20,1
4,UP,Makao,pasture,4,30/03/2017,3,2017,0,0,0,0,-4.09,dry,0,
5,PA,MakaoWMA,wild,5,30/03/2017,3,2017,0,0,0,0,0.52,dry,0,
6,PA,MakaoWMA,wild,6,30/03/2017,3,2017,0,0,0,0,0.49,dry,0,
7,PA,MakaoWMA,wild,7,30/03/2017,3,2017,0,0,0,0,0.67,dry,0,
8,PA,MakaoWMA,wild,8,30/03/2017,3,2017,0,10,0,0,0.38,dry,10,0
10,PA,Maswa,illegal,10,19/03/2017,3,2017,3,4,0,0,1.03,dry,7,0
11,PA,Maswa,illegal,11,19/03/2017,3,2017,2,7,0,0,1.14,dry,9,0
13,PA,Maswa,wild,13,20/03/2017,3,2017,7,13,0,0,9.16,dry,20,0
14,PA,Maswa,wild,14,20/03/2017,3,2017,10,15,0,0,9.09,dry,25,0
15,PA,Maswa,wild,15,20/03/2017,3,2017,7,9,0,0,8.82,dry,16,0
16,PA,Maswa,wild,16,20/03/2017,3,2017,9,13,0,0,8.54,dry,22,0
21,UP,Mwantimba,pasture,21,13/03/2017,3,2017,0,0,2,6,-5.1,wet,8,0.75
22,UP,Mwantimba,pasture,22,13/03/2017,3,2017,0,0,1,4,-4.92,wet,5,0.8
23,UP,Mwantimba,pasture,23,13/03/2017,3,2017,0,0,4,8,-5.95,wet,12,0.666666667
24,UP,Mwantimba,pasture,24,13/03/2017,3,2017,0,0,6,7,-5.93,wet,13,0.538461538
29,PA,SNP,wild,29,21/03/2017,3,2017,1,2,0,0,0.58,wet,3,0
30,PA,SNP,wild,30,21/03/2017,3,2017,1,0,0,2,0.81,wet,3,0.666666667
31,PA,SNP,wild,31,21/03/2017,3,2017,1,3,0,2,0.61,wet,6,0.333333333
32,PA,SNP,wild,32,21/03/2017,3,2017,2,2,0,3,0.24,wet,7,0.428571429
1,UP,Makao,pasture,1,30/04/2017,4,2017,0,0,0,6,-3.36,dry,6,1
2,UP,Makao,pasture,2,30/04/2017,4,2017,0,0,0,30,-3.78,dry,30,1
3,UP,Makao,pasture,3,30/04/2017,4,2017,0,0,0,25,-3.51,dry,25,1
4,UP,Makao,pasture,4,30/04/2017,4,2017,0,0,0,10,-4.09,dry,10,1
5,PA,MakaoWMA,wild,5,30/04/2017,4,2017,5,5,0,0,0.52,dry,10,0
6,PA,MakaoWMA,wild,6,30/04/2017,4,2017,3,8,0,0,0.49,dry,11,0
7,PA,MakaoWMA,wild,7,30/04/2017,4,2017,0,2,0,0,0.67,dry,2,0
8,PA,MakaoWMA,wild,8,30/04/2017,4,2017,0,6,0,0,0.38,dry,6,0
10,PA,Maswa,illegal,10,22/04/2017,4,2017,5,7,0,0,1.03,dry,12,0
11,PA,Maswa,illegal,11,22/04/2017,4,2017,6,5,0,0,1.14,dry,11,0
13,PA,Maswa,wild,13,22/04/2017,4,2017,7,8,0,0,9.16,dry,15,0
14,PA,Maswa,wild,14,22/04/2017,4,2017,5,10,0,0,9.09,dry,15,0
15,PA,Maswa,wild,15,22/04/2017,4,2017,6,15,0,0,8.82,dry,21,0
16,PA,Maswa,wild,16,22/04/2017,4,2017,7,9,0,0,8.54,dry,16,0
21,UP,Mwantimba,pasture,21,26/04/2017,4,2017,0,0,2,9,-5.1,wet,11,0.818181818
22,UP,Mwantimba,pasture,22,26/04/2017,4,2017,0,0,8,6,-4.92,wet,14,0.428571429
23,UP,Mwantimba,pasture,23,26/04/2017,4,2017,0,0,2,4,-5.95,wet,6,0.666666667
24,UP,Mwantimba,pasture,24,26/04/2017,4,2017,0,0,1,3,-5.93,wet,4,0.75
29,PA,SNP,wild,29,11/04/2017,4,2017,0,0,0,0,0.58,wet,0,
30,PA,SNP,wild,30,11/04/2017,4,2017,0,0,2,0,0.81,wet,2,0
31,PA,SNP,wild,31,11/04/2017,4,2017,1,0,0,0,0.61,wet,1,0
32,PA,SNP,wild,32,11/04/2017,4,2017,0,2,0,0,0.24,wet,2,0
1,UP,Makao,pasture,1,09/05/2017,5,2017,3,1,11,0,-3.36,dry,15,0
2,UP,Makao,pasture,2,09/05/2017,5,2017,3,0,30,0,-3.78,dry,33,0
3,UP,Makao,pasture,3,09/05/2017,5,2017,0,0,32,0,-3.51,dry,32,0
4,UP,Makao,pasture,4,09/05/2017,5,2017,0,0,14,0,-4.09,dry,14,0
5,PA,MakaoWMA,wild,5,10/05/2017,5,2017,7,3,0,0,0.52,dry,10,0
6,PA,MakaoWMA,wild,6,10/05/2017,5,2017,8,0,0,0,0.49,dry,8,0
7,PA,MakaoWMA,wild,7,10/05/2017,5,2017,14,0,0,0,0.67,dry,14,0
8,PA,MakaoWMA,wild,8,10/05/2017,5,2017,3,0,0,0,0.38,dry,3,0
10,PA,Maswa,illegal,10,11/05/2017,5,2017,7,0,0,0,1.03,dry,7,0
11,PA,Maswa,illegal,11,11/05/2017,5,2017,28,14,0,0,1.14,dry,42,0
13,PA,Maswa,wild,13,11/05/2017,5,2017,12,10,0,0,9.16,dry,22,0
14,PA,Maswa,wild,14,11/05/2017,5,2017,7,22,0,0,9.09,dry,29,0
15,PA,Maswa,wild,15,11/05/2017,5,2017,4,30,0,0,8.82,dry,34,0
16,PA,Maswa,wild,16,11/05/2017,5,2017,5,20,0,0,8.54,dry,25,0
21,UP,Mwantimba,pasture,21,14/05/2017,5,2017,0,0,12,4,-5.1,wet,16,0.25
22,UP,Mwantimba,pasture,22,14/05/2017,5,2017,0,0,3,2,-4.92,wet,5,0.4
23,UP,Mwantimba,pasture,23,14/05/2017,5,2017,0,0,4,0,-5.95,wet,4,0
24,UP,Mwantimba,pasture,24,14/05/2017,5,2017,0,0,3,0,-5.93,wet,3,0
29,PA,SNP,wild,29,13/05/2017,5,2017,0,0,0,0,0.58,wet,0,
30,PA,SNP,wild,30,13/05/2017,5,2017,0,0,0,4,0.81,wet,4,1
31,PA,SNP,wild,31,13/05/2017,5,2017,1,0,0,0,0.61,wet,1,0
32,PA,SNP,wild,32,13/05/2017,5,2017,0,4,0,0,0.24,wet,4,0
1,UP,Makao,pasture,1,29/06/2017,6,2017,0,0,0,67,-3.36,dry,67,1
2,UP,Makao,pasture,2,29/06/2017,6,2017,4,0,0,25,-3.78,dry,29,0.862068966
3,UP,Makao,pasture,3,29/06/2017,6,2017,0,0,0,32,-3.51,dry,32,1
4,UP,Makao,pasture,4,29/06/2017,6,2017,0,0,0,0,-4.09,dry,0,
5,PA,MakaoWMA,wild,5,29/06/2017,6,2017,1,25,0,0,0.52,dry,26,0
6,PA,MakaoWMA,wild,6,29/06/2017,6,2017,0,28,0,0,0.49,dry,28,0
7,PA,MakaoWMA,wild,7,29/06/2017,6,2017,0,22,0,0,0.67,dry,22,0
8,PA,MakaoWMA,wild,8,29/06/2017,6,2017,0,20,0,0,0.38,dry,20,0
10,PA,Maswa,illegal,10,27/06/2017,6,2017,8,2,0,0,1.03,dry,10,0
11,PA,Maswa,illegal,11,27/06/2017,6,2017,11,6,0,0,1.14,dry,17,0
13,PA,Maswa,wild,13,27/06/2017,6,2017,4,2,0,0,9.16,dry,6,0
14,PA,Maswa,wild,14,27/06/2017,6,2017,6,8,0,0,9.09,dry,14,0
15,PA,Maswa,wild,15,27/06/2017,6,2017,3,5,0,0,8.82,dry,8,0
16,PA,Maswa,wild,16,27/06/2017,6,2017,5,5,0,0,8.54,dry,10,0
21,UP,Mwantimba,pasture,21,28/06/2017,6,2017,0,0,3,10,-5.1,wet,13,0.769230769
22,UP,Mwantimba,pasture,22,28/06/2017,6,2017,0,0,2,4,-4.92,wet,6,0.666666667
23,UP,Mwantimba,pasture,23,28/06/2017,6,2017,0,0,4,6,-5.95,wet,10,0.6
24,UP,Mwantimba,pasture,24,28/06/2017,6,2017,0,0,1,2,-5.93,wet,3,0.666666667
29,PA,SNP,wild,29,14/06/2017,6,2017,0,5,0,0,0.58,wet,5,0
30,PA,SNP,wild,30,14/06/2017,6,2017,0,5,0,0,0.81,wet,5,0
31,PA,SNP,wild,31,14/06/2017,6,2017,0,1,0,0,0.61,wet,1,0
32,PA,SNP,wild,32,14/06/2017,6,2017,2,5,0,0,0.24,wet,7,0
1,UP,Makao,pasture,1,22/07/2017,7,2017,8,0,30,70,-3.36,dry,108,0.648148148
2,UP,Makao,pasture,2,22/07/2017,7,2017,8,0,20,30,-3.78,dry,58,0.517241379
3,UP,Makao,pasture,3,22/07/2017,7,2017,0,0,25,3,-3.51,dry,28,0.107142857
4,UP,Makao,pasture,4,22/07/2017,7,2017,0,0,0,0,-4.09,dry,0,
5,PA,MakaoWMA,wild,5,18/07/2017,7,2017,6,13,0,0,0.52,dry,19,0
6,PA,MakaoWMA,wild,6,18/07/2017,7,2017,8,6,0,0,0.49,dry,14,0
7,PA,MakaoWMA,wild,7,18/07/2017,7,2017,5,2,0,0,0.67,dry,7,0
8,PA,MakaoWMA,wild,8,18/07/2017,7,2017,4,8,0,0,0.38,dry,12,0
10,PA,Maswa,illegal,10,18/07/2017,7,2017,9,2,0,2,1.03,dry,13,0.153846154
11,PA,Maswa,illegal,11,18/07/2017,7,2017,4,2,0,0,1.14,dry,6,0
13,PA,Maswa,wild,13,18/07/2017,7,2017,10,6,0,0,9.16,dry,16,0
14,PA,Maswa,wild,14,18/07/2017,7,2017,6,4,0,0,9.09,dry,10,0
15,PA,Maswa,wild,15,18/07/2017,7,2017,7,3,0,0,8.82,dry,10,0
16,PA,Maswa,wild,16,18/07/2017,7,2017,4,3,0,0,8.54,dry,7,0
13,PA,Maswa,wild,13,21/07/2017,7,2017,10,6,0,0,9.16,dry,16,0
14,PA,Maswa,wild,14,21/07/2017,7,2017,6,5,0,0,9.09,dry,11,0
15,PA,Maswa,wild,15,21/07/2017,7,2017,7,3,0,0,8.82,dry,10,0
16,PA,Maswa,wild,16,21/07/2017,7,2017,4,3,0,0,8.54,dry,7,0
21,UP,Mwantimba,pasture,21,23/07/2017,7,2017,0,0,4,8,-5.1,wet,12,0.666666667
22,UP,Mwantimba,pasture,22,23/07/2017,7,2017,0,0,4,3,-4.92,wet,7,0.428571429
23,UP,Mwantimba,pasture,23,23/07/2017,7,2017,0,0,2,6,-5.95,wet,8,0.75
24,UP,Mwantimba,pasture,24,23/07/2017,7,2017,0,0,4,8,-5.93,wet,12,0.666666667
29,PA,SNP,wild,29,24/07/2017,7,2017,2,6,0,1,0.58,wet,9,0.111111111
30,PA,SNP,wild,30,24/07/2017,7,2017,1,4,0,0,0.81,wet,5,0
31,PA,SNP,wild,31,24/07/2017,7,2017,3,4,0,0,0.61,wet,7,0
32,PA,SNP,wild,32,24/07/2017,7,2017,2,3,0,0,0.24,wet,5,0
1,UP,Makao,pasture,1,22/08/2017,8,2017,4,0,25,40,-3.36,dry,69,0.579710145
2,UP,Makao,pasture,2,22/08/2017,8,2017,8,0,20,30,-3.78,dry,58,0.517241379
3,UP,Makao,pasture,3,22/08/2017,8,2017,0,0,10,7,-3.51,dry,17,0.411764706
4,UP,Makao,pasture,4,22/08/2017,8,2017,0,0,0,15,-4.09,dry,15,1
5,PA,MakaoWMA,wild,5,22/08/2017,8,2017,5,30,0,0,0.52,dry,35,0
6,PA,MakaoWMA,wild,6,22/08/2017,8,2017,0,18,0,0,0.49,dry,18,0
7,PA,MakaoWMA,wild,7,22/08/2017,8,2017,0,25,0,0,0.67,dry,25,0
8,PA,MakaoWMA,wild,8,22/08/2017,8,2017,5,10,0,0,0.38,dry,15,0
10,PA,Maswa,illegal,10,15/08/2017,8,2017,3,4,0,0,1.03,dry,7,0
11,PA,Maswa,illegal,11,15/08/2017,8,2017,7,5,0,0,1.14,dry,12,0
13,PA,Maswa,wild,13,19/08/2017,8,2017,2,3,0,0,9.16,dry,5,0
14,PA,Maswa,wild,14,19/08/2017,8,2017,2,3,0,0,9.09,dry,5,0
15,PA,Maswa,wild,15,19/08/2017,8,2017,2,2,0,0,8.82,dry,4,0
16,PA,Maswa,wild,16,19/08/2017,8,2017,3,0,0,0,8.54,dry,3,0
21,UP,Mwantimba,pasture,21,23/08/2017,8,2017,0,0,3,4,-5.1,wet,7,0.571428571
22,UP,Mwantimba,pasture,22,23/08/2017,8,2017,0,0,1,3,-4.92,wet,4,0.75
23,UP,Mwantimba,pasture,23,23/08/2017,8,2017,0,0,2,6,-5.95,wet,8,0.75
24,UP,Mwantimba,pasture,24,23/08/2017,8,2017,0,0,3,13,-5.93,wet,16,0.8125
29,PA,SNP,wild,29,14/08/2017,8,2017,1,5,0,0,0.58,wet,6,0
30,PA,SNP,wild,30,14/08/2017,8,2017,0,0,0,6,0.81,wet,6,1
31,PA,SNP,wild,31,14/08/2017,8,2017,2,2,0,0,0.61,wet,4,0
32,PA,SNP,wild,32,14/08/2017,8,2017,0,1,0,0,0.24,wet,1,0
1,UP,Makao,pasture,1,27/09/2017,9,2017,12,0,10,54,-3.36,dry,76,0.710526316
2,UP,Makao,pasture,2,27/09/2017,9,2017,4,0,20,33,-3.78,dry,57,0.578947368
3,UP,Makao,pasture,3,27/09/2017,9,2017,8,6,15,44,-3.51,dry,73,0.602739726
4,UP,Makao,pasture,4,27/09/2017,9,2017,0,0,0,25,-4.09,dry,25,1
5,PA,MakaoWMA,wild,5,29/09/2017,9,2017,0,37,0,0,0.52,dry,37,0
6,PA,MakaoWMA,wild,6,29/09/2017,9,2017,0,18,0,0,0.49,dry,18,0
7,PA,MakaoWMA,wild,7,29/09/2017,9,2017,0,15,0,0,0.67,dry,15,0
8,PA,MakaoWMA,wild,8,29/09/2017,9,2017,0,11,0,0,0.38,dry,11,0
10,PA,Maswa,illegal,10,13/09/2017,9,2017,4,3,0,0,1.03,dry,7,0
11,PA,Maswa,illegal,11,13/09/2017,9,2017,3,2,0,0,1.14,dry,5,0
10,PA,Maswa,illegal,10,28/09/2017,9,2017,2,8,0,0,1.03,dry,10,0
11,PA,Maswa,illegal,11,28/09/2017,9,2017,7,25,0,0,1.14,dry,32,0
13,PA,Maswa,wild,13,28/09/2017,9,2017,16,7,0,0,9.16,dry,23,0
14,PA,Maswa,wild,14,28/09/2017,9,2017,16,6,0,0,9.09,dry,22,0
15,PA,Maswa,wild,15,28/09/2017,9,2017,1,4,0,0,8.82,dry,5,0
16,PA,Maswa,wild,16,28/09/2017,9,2017,5,4,0,0,8.54,dry,9,0
21,UP,Mwantimba,pasture,21,30/09/2017,9,2017,0,0,6,4,-5.1,wet,10,0.4
22,UP,Mwantimba,pasture,22,30/09/2017,9,2017,0,0,3,2,-4.92,wet,5,0.4
23,UP,Mwantimba,pasture,23,30/09/2017,9,2017,0,0,4,3,-5.95,wet,7,0.428571429
24,UP,Mwantimba,pasture,24,30/09/2017,9,2017,0,0,4,3,-5.93,wet,7,0.428571429
29,PA,SNP,wild,29,27/09/2017,9,2017,0,1,0,1,0.58,wet,2,0.5
30,PA,SNP,wild,30,27/09/2017,9,2017,0,1,0,0,0.81,wet,1,0
31,PA,SNP,wild,31,27/09/2017,9,2017,0,1,0,0,0.61,wet,1,0
32,PA,SNP,wild,32,27/09/2017,9,2017,0,2,0,0,0.24,wet,2,0
1,UP,Makao,pasture,1,25/10/2017,10,2017,5,0,4,30,-3.36,dry,39,0.769230769
2,UP,Makao,pasture,2,25/10/2017,10,2017,7,0,8,28,-3.78,dry,43,0.651162791
3,UP,Makao,pasture,3,25/10/2017,10,2017,2,0,15,37,-3.51,dry,54,0.685185185
4,UP,Makao,pasture,4,25/10/2017,10,2017,0,0,0,15,-4.09,dry,15,1
5,PA,MakaoWMA,wild,5,25/10/2017,10,2017,15,10,0,0,0.52,dry,25,0
6,PA,MakaoWMA,wild,6,25/10/2017,10,2017,8,12,0,0,0.49,dry,20,0
7,PA,MakaoWMA,wild,7,25/10/2017,10,2017,5,0,0,0,0.67,dry,5,0
8,PA,MakaoWMA,wild,8,25/10/2017,10,2017,18,12,0,0,0.38,dry,30,0
10,PA,Maswa,illegal,10,27/10/2017,10,2017,3,5,0,7,1.03,dry,15,0.466666667
11,PA,Maswa,illegal,11,27/10/2017,10,2017,2,4,0,5,1.14,dry,11,0.454545455
13,PA,Maswa,wild,13,28/10/2017,10,2017,4,1,0,0,9.16,dry,5,0
14,PA,Maswa,wild,14,28/10/2017,10,2017,2,5,0,0,9.09,dry,7,0
15,PA,Maswa,wild,15,28/10/2017,10,2017,1,2,0,0,8.82,dry,3,0
16,PA,Maswa,wild,16,28/10/2017,10,2017,3,0,0,0,8.54,dry,3,0
21,UP,Mwantimba,pasture,21,30/10/2017,10,2017,0,0,4,2,-5.1,wet,6,0.333333333
22,UP,Mwantimba,pasture,22,30/10/2017,10,2017,0,0,3,6,-4.92,wet,9,0.666666667
23,UP,Mwantimba,pasture,23,30/10/2017,10,2017,0,0,1,3,-5.95,wet,4,0.75
24,UP,Mwantimba,pasture,24,30/10/2017,10,2017,0,0,2,5,-5.93,wet,7,0.714285714
29,PA,SNP,wild,29,30/10/2017,10,2017,2,2,0,0,0.58,wet,4,0
30,PA,SNP,wild,30,30/10/2017,10,2017,1,2,0,0,0.81,wet,3,0
31,PA,SNP,wild,31,30/10/2017,10,2017,0,0,0,0,0.61,wet,0,
32,PA,SNP,wild,32,30/10/2017,10,2017,2,3,0,0,0.24,wet,5,0
1,UP,Makao,pasture,1,20/11/2017,11,2017,5,0,2,20,-3.36,dry,27,0.740740741
2,UP,Makao,pasture,2,20/11/2017,11,2017,7,0,7,25,-3.78,dry,39,0.641025641
3,UP,Makao,pasture,3,20/11/2017,11,2017,2,0,10,34,-3.51,dry,46,0.739130435
5,PA,MakaoWMA,wild,5,20/11/2017,11,2017,15,12,0,0,0.52,dry,27,0
6,PA,MakaoWMA,wild,6,20/11/2017,11,2017,8,12,0,0,0.49,dry,20,0
7,PA,MakaoWMA,wild,7,20/11/2017,11,2017,0,0,0,0,0.67,dry,0,
8,PA,MakaoWMA,wild,8,20/11/2017,11,2017,10,3,0,0,0.38,dry,13,0
10,PA,Maswa,illegal,10,25/11/2017,11,2017,8,2,0,4,1.03,dry,14,0.285714286
11,PA,Maswa,illegal,11,25/11/2017,11,2017,1,6,0,8,1.14,dry,15,0.533333333
13,PA,Maswa,wild,13,25/11/2017,11,2017,3,2,0,0,9.16,dry,5,0
14,PA,Maswa,wild,14,25/11/2017,11,2017,4,3,0,0,9.09,dry,7,0
15,PA,Maswa,wild,15,25/11/2017,11,2017,2,2,0,0,8.82,dry,4,0
16,PA,Maswa,wild,16,25/11/2017,11,2017,3,0,0,0,8.54,dry,3,0
21,UP,Mwantimba,pasture,21,23/11/2017,11,2017,0,0,2,4,-5.1,wet,6,0.666666667
22,UP,Mwantimba,pasture,22,23/11/2017,11,2017,0,0,2,6,-4.92,wet,8,0.75
23,UP,Mwantimba,pasture,23,23/11/2017,11,2017,0,0,4,3,-5.95,wet,7,0.428571429
24,UP,Mwantimba,pasture,24,23/11/2017,11,2017,0,0,3,2,-5.93,wet,5,0.4
29,PA,SNP,wild,29,25/11/2017,11,2017,2,3,0,0,0.58,wet,5,0
30,PA,SNP,wild,30,25/11/2017,11,2017,1,3,0,0,0.81,wet,4,0
31,PA,SNP,wild,31,25/11/2017,11,2017,1,0,0,0,0.61,wet,1,0
32,PA,SNP,wild,32,25/11/2017,11,2017,3,2,0,0,0.24,wet,5,0
1,UP,Makao,pasture,1,10/12/2017,12,2017,0,4,0,10,-3.36,dry,14,0.714285714
2,UP,Makao,pasture,2,10/12/2017,12,2017,0,0,0,13,-3.78,dry,13,1
3,UP,Makao,pasture,3,10/12/2017,12,2017,0,7,20,10,-3.51,dry,37,0.27027027
5,PA,MakaoWMA,wild,5,12/12/2017,12,2017,0,17,0,0,0.52,dry,17,0
6,PA,MakaoWMA,wild,6,12/12/2017,12,2017,0,0,0,0,0.49,dry,0,
7,PA,MakaoWMA,wild,7,12/12/2017,12,2017,0,13,0,0,0.67,dry,13,0
8,PA,MakaoWMA,wild,8,12/12/2017,12,2017,0,0,0,0,0.38,dry,0,
10,PA,Maswa,illegal,10,11/12/2017,12,2017,7,15,0,4,1.03,dry,26,0.153846154
11,PA,Maswa,illegal,11,11/12/2017,12,2017,10,25,0,10,1.14,dry,45,0.222222222
13,PA,Maswa,wild,13,11/12/2017,12,2017,7,17,0,0,9.16,dry,24,0
14,PA,Maswa,wild,14,11/12/2017,12,2017,3,7,0,0,9.09,dry,10,0
15,PA,Maswa,wild,15,11/12/2017,12,2017,7,26,0,0,8.82,dry,33,0
16,PA,Maswa,wild,16,11/12/2017,12,2017,4,25,0,0,8.54,dry,29,0
21,UP,Mwantimba,pasture,21,13/12/2017,12,2017,0,0,2,3,-5.1,wet,5,0.6
22,UP,Mwantimba,pasture,22,13/12/2017,12,2017,0,0,1,2,-4.92,wet,3,0.666666667
23,UP,Mwantimba,pasture,23,13/12/2017,12,2017,0,0,2,4,-5.95,wet,6,0.666666667
24,UP,Mwantimba,pasture,24,13/12/2017,12,2017,0,0,2,4,-5.93,wet,6,0.666666667
29,PA,SNP,wild,29,09/12/2017,12,2017,6,1,0,0,0.58,wet,7,0
30,PA,SNP,wild,30,09/12/2017,12,2017,0,1,0,0,0.81,wet,1,0
31,PA,SNP,wild,31,09/12/2017,12,2017,0,5,0,0,0.61,wet,5,0
32,PA,SNP,wild,32,09/12/2017,12,2017,0,0,0,3,0.24,wet,3,1
29,PA,SNP,wild,29,14/12/2017,12,2017,3,4,0,0,0.58,wet,7,0
30,PA,SNP,wild,30,14/12/2017,12,2017,2,6,0,0,0.81,wet,8,0
31,PA,SNP,wild,31,14/12/2017,12,2017,1,2,0,0,0.61,wet,3,0
32,PA,SNP,wild,32,14/12/2017,12,2017,2,3,0,4,0.24,wet,9,0.444444444
1,UP,Makao,pasture,1,28/01/2018,1,2018,0,0,7,12,-3.36,dry,19,0.631578947
2,UP,Makao,pasture,2,28/01/2018,1,2018,0,0,4,23,-3.78,dry,27,0.851851852
3,UP,Makao,pasture,3,28/01/2018,1,2018,0,0,8,17,-3.51,dry,25,0.68
5,PA,MakaoWMA,wild,5,28/01/2018,1,2018,0,0,0,0,0.52,dry,0,
6,PA,MakaoWMA,wild,6,28/01/2018,1,2018,8,17,0,0,0.49,dry,25,0
7,PA,MakaoWMA,wild,7,28/01/2018,1,2018,0,18,0,0,0.67,dry,18,0
8,PA,MakaoWMA,wild,8,28/01/2018,1,2018,18,16,0,0,0.38,dry,34,0
10,PA,Maswa,illegal,10,18/01/2018,1,2018,2,3,0,0,1.03,dry,5,0
11,PA,Maswa,illegal,11,18/01/2018,1,2018,4,4,0,0,1.14,dry,8,0
13,PA,Maswa,wild,13,15/01/2018,1,2018,5,2,0,0,9.16,dry,7,0
14,PA,Maswa,wild,14,15/01/2018,1,2018,3,2,0,0,9.09,dry,5,0
15,PA,Maswa,wild,15,15/01/2018,1,2018,1,2,0,0,8.82,dry,3,0
16,PA,Maswa,wild,16,15/01/2018,1,2018,0,3,0,0,8.54,dry,3,0
21,UP,Mwantimba,pasture,21,13/01/2018,1,2018,0,0,10,2,-5.1,wet,12,0.166666667
22,UP,Mwantimba,pasture,22,13/01/2018,1,2018,0,0,3,1,-4.92,wet,4,0.25
23,UP,Mwantimba,pasture,23,13/01/2018,1,2018,0,0,1,2,-5.95,wet,3,0.666666667
24,UP,Mwantimba,pasture,24,13/01/2018,1,2018,0,0,2,6,-5.93,wet,8,0.75
29,PA,SNP,wild,29,11/01/2018,1,2018,0,3,0,0,0.58,wet,3,0
30,PA,SNP,wild,30,11/01/2018,1,2018,0,2,0,0,0.81,wet,2,0
31,PA,SNP,wild,31,11/01/2018,1,2018,1,2,0,0,0.61,wet,3,0
32,PA,SNP,wild,32,11/01/2018,1,2018,0,0,0,4,0.24,wet,4,1
1,UP,Makao,pasture,1,25/02/2018,2,2018,0,0,3,10,-3.36,dry,13,0.769230769
2,UP,Makao,pasture,2,25/02/2018,2,2018,0,0,7,20,-3.78,dry,27,0.740740741
3,UP,Makao,pasture,3,25/02/2018,2,2018,0,0,6,14,-3.51,dry,20,0.7
5,PA,MakaoWMA,wild,5,25/02/2018,2,2018,12,15,0,0,0.52,dry,27,0
6,PA,MakaoWMA,wild,6,25/02/2018,2,2018,8,20,0,0,0.49,dry,28,0
7,PA,MakaoWMA,wild,7,25/02/2018,2,2018,0,15,0,0,0.67,dry,15,0
8,PA,MakaoWMA,wild,8,25/02/2018,2,2018,10,11,0,0,0.38,dry,21,0
10,PA,Maswa,illegal,10,21/02/2018,2,2018,0,3,0,0,1.03,dry,3,0
11,PA,Maswa,illegal,11,21/02/2018,2,2018,2,6,0,0,1.14,dry,8,0
13,PA,Maswa,wild,13,21/02/2018,2,2018,4,0,0,0,9.16,dry,4,0
14,PA,Maswa,wild,14,21/02/2018,2,2018,3,0,0,0,9.09,dry,3,0
15,PA,Maswa,wild,15,21/02/2018,2,2018,1,1,0,0,8.82,dry,2,0
16,PA,Maswa,wild,16,21/02/2018,2,2018,1,7,0,0,8.54,dry,8,0
21,UP,Mwantimba,pasture,21,19/02/2018,2,2018,0,0,4,3,-5.1,wet,7,0.428571429
22,UP,Mwantimba,pasture,22,19/02/2018,2,2018,0,0,3,2,-4.92,wet,5,0.4
23,UP,Mwantimba,pasture,23,19/02/2018,2,2018,0,0,2,4,-5.95,wet,6,0.666666667
24,UP,Mwantimba,pasture,24,19/02/2018,2,2018,0,0,3,6,-5.93,wet,9,0.666666667
29,PA,SNP,wild,29,07/02/2018,2,2018,0,0,0,0,0.58,wet,0,
30,PA,SNP,wild,30,07/02/2018,2,2018,0,0,3,0,0.81,wet,3,0
31,PA,SNP,wild,31,07/02/2018,2,2018,0,0,0,4,0.61,wet,4,1
32,PA,SNP,wild,32,07/02/2018,2,2018,0,0,0,5,0.24,wet,5,1
1,UP,Makao,pasture,1,08/03/2018,3,2018,0,0,0,20,-3.36,dry,20,1
2,UP,Makao,pasture,2,08/03/2018,3,2018,0,0,7,15,-3.78,dry,22,0.681818182
3,UP,Makao,pasture,3,08/03/2018,3,2018,0,0,18,7,-3.51,dry,25,0.28
5,PA,MakaoWMA,wild,5,07/03/2018,3,2018,0,0,0,0,0.52,dry,0,
6,PA,MakaoWMA,wild,6,07/03/2018,3,2018,24,0,0,0,0.49,dry,24,0
7,PA,MakaoWMA,wild,7,07/03/2018,3,2018,0,0,0,0,0.67,dry,0,
8,PA,MakaoWMA,wild,8,07/03/2018,3,2018,0,3,0,0,0.38,dry,3,0
10,PA,Maswa,illegal,10,07/03/2018,3,2018,10,7,0,0,1.03,dry,17,0
11,PA,Maswa,illegal,11,07/03/2018,3,2018,0,7,0,0,1.14,dry,7,0
13,PA,Maswa,wild,13,07/03/2018,3,2018,0,0,0,0,9.16,dry,0,
14,PA,Maswa,wild,14,07/03/2018,3,2018,38,0,0,0,9.09,dry,38,0
15,PA,Maswa,wild,15,07/03/2018,3,2018,5,0,0,0,8.82,dry,5,0
16,PA,Maswa,wild,16,07/03/2018,3,2018,0,0,0,0,8.54,dry,0,
21,UP,Mwantimba,pasture,21,09/03/2018,3,2018,0,0,2,3,-5.1,wet,5,0
22,UP,Mwantimba,pasture,22,09/03/2018,3,2018,0,0,1,2,-4.92,wet,3,0
23,UP,Mwantimba,pasture,23,09/03/2018,3,2018,0,0,2,6,-5.95,wet,8,0
24,UP,Mwantimba,pasture,24,09/03/2018,3,2018,0,0,1,4,-5.93,wet,5,0
29,PA,SNP,wild,29,02/03/2018,3,2018,0,0,0,0,0.58,wet,0,
30,PA,SNP,wild,30,02/03/2018,3,2018,0,0,0,0,0.81,wet,0,
31,PA,SNP,wild,31,02/03/2018,3,2018,1,0,0,0,0.61,wet,1,0
32,PA,SNP,wild,32,02/03/2018,3,2018,0,0,0,7,0.24,wet,7,1
29,PA,SNP,wild,29,10/03/2018,3,2018,3,2,0,0,0.58,wet,5,0
30,PA,SNP,wild,30,10/03/2018,3,2018,2,7,0,0,0.81,wet,9,0
31,PA,SNP,wild,31,10/03/2018,3,2018,2,3,0,0,0.61,wet,5,0
32,PA,SNP,wild,32,10/03/2018,3,2018,1,4,0,0,0.24,wet,5,0
1,UP,Makao,pasture,1,30/04/2018,4,2018,0,0,0,0,-3.36,dry,0,
2,UP,Makao,pasture,2,30/04/2018,4,2018,0,0,10,15,-3.78,dry,25,0.6
3,UP,Makao,pasture,3,30/04/2018,4,2018,0,0,7,10,-3.51,dry,17,0.588235294
5,PA,MakaoWMA,wild,5,30/04/2018,4,2018,2,0,0,0,0.52,dry ,2,0
6,PA,MakaoWMA,wild,6,30/04/2018,4,2018,5,0,0,0,0.49,dry ,5,0
7,PA,MakaoWMA,wild,7,30/04/2018,4,2018,0,0,0,0,0.67,dry ,0,
8,PA,MakaoWMA,wild,8,30/04/2018,4,2018,3,0,0,0,0.38,dry ,3,0
10,PA,Maswa,illegal,10,21/04/2018,4,2018,0,0,0,0,1.03,dry,0,
11,PA,Maswa,illegal,11,21/04/2018,4,2018,0,0,0,0,1.14,dry,0,
13,PA,Maswa,wild,13,21/04/2018,4,2018,2,0,0,0,9.16,dry,2,0
14,PA,Maswa,wild,14,21/04/2018,4,2018,1,0,0,0,9.09,dry,1,0
15,PA,Maswa,wild,15,21/04/2018,4,2018,0,0,0,0,8.82,dry,0,
16,PA,Maswa,wild,16,21/04/2018,4,2018,1,0,0,0,8.54,dry,1,0
21,UP,Mwantimba,pasture,21,10/04/2018,4,2018,0,0,2,5,-5.1,wet,7,0.714285714
22,UP,Mwantimba,pasture,22,10/04/2018,4,2018,0,0,1,2,-4.92,wet,3,0.666666667
23,UP,Mwantimba,pasture,23,10/04/2018,4,2018,0,0,1,2,-5.95,wet,3,0.666666667
24,UP,Mwantimba,pasture,24,10/04/2018,4,2018,0,0,2,4,-5.93,wet,6,0.666666667
29,PA,SNP,wild,29,01/04/2018,4,2018,0,3,0,0,0.58,wet,3,0
30,PA,SNP,wild,30,01/04/2018,4,2018,2,0,0,0,0.81,wet,2,0
31,PA,SNP,wild,31,01/04/2018,4,2018,1,0,0,0,0.61,wet,1,0
32,PA,SNP,wild,32,01/04/2018,4,2018,1,3,0,0,0.24,wet,4,0
1,UP,Makao,pasture,1,24/05/2018,5,2018,2,0,0,5,-3.36,dry,7,0.714285714
2,UP,Makao,pasture,2,24/05/2018,5,2018,0,0,4,13,-3.78,dry,17,0.764705882
3,UP,Makao,pasture,3,24/05/2018,5,2018,0,0,7,17,-3.51,dry,24,0.708333333
5,PA,MakaoWMA,wild,5,24/05/2018,5,2018,0,5,0,0,0.52,dry ,5,0
6,PA,MakaoWMA,wild,6,24/05/2018,5,2018,0,10,0,0,0.49,dry ,10,0
7,PA,MakaoWMA,wild,7,24/05/2018,5,2018,0,0,0,0,0.67,dry ,0,
8,PA,MakaoWMA,wild,8,24/05/2018,5,2018,0,4,0,0,0.38,dry ,4,0
10,PA,Maswa,illegal,10,25/05/2018,5,2018,2,5,0,0,1.03,dry,7,0
11,PA,Maswa,illegal,11,25/05/2018,5,2018,0,3,0,0,1.14,dry,3,0
13,PA,Maswa,wild,13,25/05/2018,5,2018,0,5,0,0,9.16,dry,5,0
14,PA,Maswa,wild,14,25/05/2018,5,2018,8,0,0,0,9.09,dry,8,0
15,PA,Maswa,wild,15,25/05/2018,5,2018,9,3,0,0,8.82,dry,12,0
16,PA,Maswa,wild,16,25/05/2018,5,2018,2,4,0,0,8.54,dry,6,0
21,UP,Mwantimba,pasture,21,21/05/2018,5,2018,0,0,2,1,-5.1,wet,3,0.333333333
22,UP,Mwantimba,pasture,22,21/05/2018,5,2018,0,0,1,2,-4.92,wet,3,0.666666667
23,UP,Mwantimba,pasture,23,21/05/2018,5,2018,0,0,3,1,-5.95,wet,4,0.25
24,UP,Mwantimba,pasture,24,21/05/2018,5,2018,0,0,2,4,-5.93,wet,6,0.666666667
29,PA,SNP,wild,29,22/05/2018,5,2018,0,2,0,0,0.58,wet,2,0
30,PA,SNP,wild,30,22/05/2018,5,2018,0,1,0,0,0.81,wet,1,0
31,PA,SNP,wild,31,22/05/2018,5,2018,1,2,0,0,0.61,wet,3,0
32,PA,SNP,wild,32,22/05/2018,5,2018,2,1,0,0,0.24,wet,3,0