plot.id;block.id.harvest;site.id;block.id;site.name;region;landuse;block;treatment;harvest;wp;lat;long;setup.date;harvest.date;growth.period;rain.sum;target.sp.;pasture.disc.setup;height. setup;target.sp.cover.setup;total.veg.cover.setup;Comments (setup);Observer(s) setup;pasture.disc.harvest;height.harvest;target.sp.cover.harvest;total.veg.cover.harvest;Comments (harvest);Observer(s) harvest;PREVIOUS (HX-1)biomass.target.sp.g;PREVIOUS (HX-1)biomass.total.g;biomass.target.sp.;Sub.SUA;Sub.NTNU;biomass.other.sp.;Sub.SUA;Sub.NTNU;N.target.SUA;N.target.SUA17;N.target.NMBU;N.target.NTNU;P.target.SUA;P.target.SUA17;P.target.NMBU;P.target.USDM;N.other.SUA;N.other.SUA17;N.other.NMBU;N.other.NTNU;P.otherSUA;P.other.SUA17;P.other.NTNU;P.other.USDM;;;;;biomass.total.g;productivity.target.g.m2.day;consumption.target.g.m2.day;productivity.total.g.m2.day;consumption.total.g.m2.day
WET_W_1_H0;WET_W_1_H1;WET_W;WET_W_1;Handajega;WET;W;1;H0;H0;954;-2.272484;34.023326;16.02.2017;;;;The.tri;3.0;2.6;15;50;Was burnt in oct.-nov. 2016. Hard to distinguish species.;MKA, JB;;;;;;MKA, JB;;;1.83;;1.83;13.97;6.40;5.07;;;;;;;;3.48;;;;;;;;0.76;;;;;15.80;;;;
WET_W_2_H0;WET_W_2_H1;WET_W;WET_W_2;Handajega;WET;W;2;H0;H0;953;-2.278300;34.024459;16.02.2017;;;;The.tri;;;10;40;Was burnt in oct.-nov. 2016;MKA, JB;;;;;;MKA, JB;;;2.22;;2.22;10.14;4.72;3.11;;;;;;;;0.94;;;;;;;;0.85;;;;;12.36;;;;
WET_W_3_H0;WET_W_3_H1;WET_W;WET_W_3;Handajega;WET;W;3;H0;H0;951;-2.277999;34.027678;16.02.2017;;;;The.tri;3.4;3.8;25;60;Was burnt in oct.-nov. 2016;MKA, JB;;;;;;MKA, JB;;;8.61;4.11;2.15;14.16;6.59;4.87;;;;;;;;0.95;;;;;;;;1.01;;;;;22.77;;;;
WET_W_4_H0;WET_W_4_H1;WET_W;WET_W_4;Handajega;WET;W;4;H0;H0;950;-2.278837;34.031884;16.02.2017;;;;The.tri;1.5;2.6;25;70;Was burnt in oct.-nov. 2016;MKA, JB;;;;;;MKA, JB;;;;;;29.26;5.25;5.00;;;;;;;;;1.65;;;;0.06;;;0.79;;;;;29.26;;;;
WET_P_1_H0;WET_P_1_H1;WET_P;WET_P_1;Mwantimba;WET;P;1;H0;H0;957;-2.350052;34.049976;17.02.2017;;;;Chr.ori;0.5;;1;5;Heavily grazed. Small thorny Acacia scattered around.;MKA, JB;;;;;;MKA, JB;;;2.42;;2.42;0.86;;0.86;;;;;;;;1.04;2.21;;;;0.11;;;;;;;;3.28;;;;
WET_P_2_H0;WET_P_2_H1;WET_P;WET_P_2;Mwantimba;WET;P;2;H0;H0;959;-2.348488;34.050110;17.02.2017;;;;Chr.ori;0.5;0.8;1;15;Heavily grazed. Small thorny Acacia scattered around. Near settlement with large hedge.;MKA, JB;;;;;;MKA, JB;;;0.69;;0.69;2.52;;2.52;;;;;;;;;1.65;;;;0.05;;;4.05;;;;;3.21;;;;
WET_P_3_H0;WET_P_3_H1;WET_P;WET_P_3;Mwantimba;WET;P;3;H0;H0;1022;-2.367293;34.062509;17.02.2017;;;;Chr.ori;1.0;1.2;;;Very dry, almost no green vegetation. This site was done in a hurry because of rain coming. Initial harvest was done without sp. cover registration.;MKA, JB;;;;;;MKA, JB;;;;;;4.96;;4.96;;;;;;;;;1.16;;;;0.03;;;1.03;;;;;4.96;;;;
WET_P_4_H0;WET_P_4_H1;WET_P;WET_P_4;Mwantimba;WET;P;4;H0;H0;1020;-2.368570;34.062586;23.02.2017;;;;Chr.ori;;0.7;12;20;Very dry, almost no green vegetation. No pasture disc on setup.;MKA, JB;;;;;;MKA, JB;;;1.65;;1.65;2.76;;2.76;;;;;;;;;;;;;;;;1.10;;;;;4.41;;;;
DRY_W_1_H0;DRY_W_1_H1;DRY_W;DRY_W_1;Maswa;DRY;W;1;H0;H0;995;-3.299332;34.848458;19.02.2017;;;;Cyn.dac;;0.3;22;30;;MKA, JB;;;;;;MKA, JB;;;12.24;6.03;3.47;1.98;;1.98;4.66;;;;0.15;;;4.02;;;;;;;;0.76;;;;;14.22;;;;
DRY_W_2_H0;DRY_W_2_H1;DRY_W;DRY_W_2;Maswa;DRY;W;2;H0;H0;980;-3.303268;34.847796;19.02.2017;;;;Cyn.dac;;0.4;12;40;Soft soil. Easy to dig in.;MKA, JB;;;;;;MKA, JB;;;3.99;;3.99;7.26;;4.81;;;;;;;;3.34;;;;;;;;0.41;;;;;11.25;;;;
DRY_W_3_H0;DRY_W_3_H1;DRY_W;DRY_W_3;Maswa;DRY;W;3;H0;H0;998;-3.295645;34.852435;20.02.2017;;;;Cyn.dac;;0.4;8;30;;MKA, JB;;;;;;MKA, JB;;;2.42;;2.42;11.05;6.37;2.12;;;;;;;;3.34;5.57;;;;0.21;;;1.36;;;;;13.47;;;;
DRY_W_4_H0;DRY_W_4_H1;DRY_W;DRY_W_4;Maswa;DRY;W;4;H0;H0;1000;-3.296013;34.854327;20.02.2017;;;;Cyn.dac;;0.4;10;40;;MKA, JB;;;;;;MKA, JB;;;1.47;;1.47;13.36;5.62;5.01;;;;;;;;;;;;;;;;0.87;;;;;14.83;;;;
DRY_P_1_H0;DRY_P_1_H1;DRY_P;DRY_P_1;Makao;DRY;P;1;H0;H0;1009;-3.303212;34.847736;21.02.2017;;;;Chl.pyc;1.4;3.1;10;50;Open clearing between large trees. Small shrubs scattered.;MKA, JB;;;;;;MKA, JB;;;2.03;;2.03;11.73;6.22;3.05;;;;;;;;2.43;2.14;;;;0.16;;;1.15;;;;;13.76;;;;
DRY_P_2_H0;DRY_P_2_H1;DRY_P;DRY_P_2;Makao;DRY;P;2;H0;H0;1006;-3.408426;34.850244;21.02.2017;;;;Chl.pyc;0.5;1.3;27;45;Chloris dominant;MKA, JB;;;;;;MKA, JB;;;5.90;;5.90;4.22;;4.22;;;;;;;;0.69;;;;;;;;1.40;;;;;10.12;;;;
DRY_P_3_H0;DRY_P_3_H1;DRY_P;DRY_P_3;Makao;DRY;P;3;H0;H0;1001;-3.406316;34.850407;20.02.2017;;;;Chl.pyc;1.0;3.0;8;30;Nær pløyd jorde. Mulig det vil utvides.;MKA, JB;;;;;;MKA, JB;;;0.79;;0.79;11.00;6.26;1.96;;;;;;;;2.61;2.70;;;;0.13;;;1.16;;;;;11.79;;;;
DRY_P_4_H0;DRY_P_4_H1;DRY_P;DRY_P_4;Makao;DRY;P;4;H0;H0;1003;-3.406853;34.851600;20.02.2017;;;;Chl.pyc;1.3;1.9;7;40;Sandy soil.;MKA, JB;;;;;;MKA, JB;;;1.16;;1.16;11.66;4.68;4.42;;;;;;;;;;;;;;;;0.89;;;;;12.82;;;;
SE_1_H0;SE_1_H1;SE_1_;SE_1;Seronera;SE;W;1;H0;H0;1023;-2.437747;34.855162;26.02.2017;;;;Dig.mac;;;;35;;MKA, JB;;;;;;MKA, JB;;;;;;12.35;5.04;3.99;;;;;;;;;2.73;;;;0.06;;;0.67;;;;;12.35;;;;
SE_2_H0;SE_2_H1;SE_2_;SE_2;Seronera;SE;W;2;H0;H0;1025;-2.437766;34.855394;26.02.2017;;;;Dig.mac;;;;30;;MKA, JB;;;;;;MKA, JB;;;;;;8.48;5.86;2.49;;;;;;;;;2.56;;;;0.15;;;1.02;;;;;8.48;;;;
SE_3_H0;SE_3_H1;SE_3_;SE_3;Seronera;SE;W;3;H0;H0;1027;-2.437991;34.855418;26.02.2017;;;;Dig.mac;;;;40;;MKA, JB;;;;;;MKA, JB;;;;;;9.81;6.82;3.07;;;;;;;;;2.77;;;;0.34;;;0.93;;;;;9.81;;;;
SE_4_H0;SE_4_H1;SE_4_;SE_4;Seronera;SE;W;4;H0;H0;1026;-2.438079;34.854989;26.02.2017;;;;Dig.mac;;;;35;;MKA, JB;;;;;;MKA, JB;;;;;;10.10;5.19;4.92;;;;;;;;;3.71;;;;0.30;;;1.24;;;;;10.10;;;;
WET_W_1_EX_H1;WET_W_1_H1;WET_W;WET_W_1;Handajega;WET;W;1;EX;H1;954;-2.272484;34.023326;16.02.2017;20.03.2017;32;145.67;The.tri;3.0;1.9;10;65;Was burnt in oct.-nov. 2016. Hard to distinguish species.;MKA, JB;4;1.2;4;45;;MKA, JB;;;1.28;;1.28;16.10;4.97;3.73;;;;;;;;;;;;;;;;;;;;;17.38;-0.05;-0.04;0.14;0.32
WET_W_1_OP_H1;WET_W_1_H1;WET_W;WET_W_1;Handajega;WET;W;1;OP;H1;954;-2.272484;34.023326;16.02.2017;20.03.2017;32;145.67;The.tri;2.5;2.3;10;40;Was burnt in oct.-nov. 2016. Hard to distinguish species.;MKA, JB;1.5;1.4;8;30;;MKA, JB;1.83;15.8;1.74;;1.74;11.99;4.99;2.98;;;;;;;;;;;;;;;;;;;;;13.73;-0.01;;-0.18;
WET_W_2_EX_H1;WET_W_2_H1;WET_W;WET_W_2;Handajega;WET;W;2;EX;H1;953;-2.278300;34.024459;16.02.2017;20.03.2017;32;145.67;The.tri;2.3;2.1;20;40;Was burnt in oct.-nov. 2016;MKA, JB;2.3;2.6;5;20;;MKA, JB;;;2.47;;3.03;5.28;;5.28;;;;;;;;;;;;;;;;;;;;;7.75;0.02;0.05;-0.40;0.04
WET_W_2_OP_H1;WET_W_2_H1;WET_W;WET_W_2;Handajega;WET;W;2;OP;H1;953;-2.278300;34.024459;16.02.2017;20.03.2017;32;145.67;The.tri;2.5;0.6;12;40;Was burnt in oct.-nov. 2016;MKA, JB;1.5;0.6;7;24;;MKA, JB;2.22;12.36;1.85;;1.85;5.44;;5.44;;;;;;;;;;;;;;;;;;;;;7.29;-0.03;;-0.44;
WET_W_3_EX_H1;WET_W_3_H1;WET_W;WET_W_3;Handajega;WET;W;3;EX;H1;951;-2.277999;34.027678;16.02.2017;21.03.2017;33;152.53;The.tri;3.5;2.4;25;55;Was burnt in oct.-nov. 2016. Mostly grasses, 1 herb;MKA, JB;2.5;4.1;20;50;;MKA, JB;;;8.18;5.42;4.07;6.52;3.86;2.57;1.47;;;;0.13;;;;2.03;;;;0.11;;;;;;;;14.70;-0.04;-0.23;-0.68;-0.76
WET_W_3_OP_H1;WET_W_3_H1;WET_W;WET_W_3;Handajega;WET;W;3;OP;H1;951;-2.277999;34.027678;16.02.2017;21.03.2017;33;152.53;The.tri;2.5;2.6;20;45;Was burnt in oct.-nov. 2016;MKA, JB;0.7;4.5;15;40;;MKA, JB;8.61;22.77;10.92;5.20;5.77;12.83;4.94;3.64;;;;;;;;;;;;;;;;;;;;;23.75;0.19;;0.08;
WET_W_4_EX_H1;WET_W_4_H1;WET_W;WET_W_4;Handajega;WET;W;4;EX;H1;950;-2.278837;34.031884;16.02.2017;21.03.2017;33;152.53;The.tri;1.5;0.9;15;70;Was burnt in oct.-nov. 2016;MKA, JB;1.8;2.7;5;35;;MKA, JB;;;2.91;;2.91;10.26;6.97;3.17;;;;;;;;;1.82;;;;0.10;;;;;;;;13.17;;-0.22;-1.35;0.27
WET_W_4_OP_H1;WET_W_4_H1;WET_W;WET_W_4;Handajega;WET;W;4;OP;H1;950;-2.278837;34.031884;16.02.2017;21.03.2017;33;152.53;The.tri;2.5;1.8;25;65;Was burnt in oct.-nov. 2016. Spo. And mic. Very hard to distinguish when not flowering. ;MKA, JB;1.8;2.2;18;30;;MKA, JB;;29.26;5.55;;5.55;4.45;;4.45;;;;;;;;;;;;;;;;;;;;;10.00;;;-1.62;
WET_P_1_EX_H1;WET_P_1_H1;WET_P;WET_P_1;Mwantimba;WET;P;1;EX;H1;957;-2.350052;34.049976;17.02.2017;22.03.2017;33;161.60;Chr.ori;0.5;0.4;1;7;Heavily grazed. Small thorny Acacia scattered around.;MKA, JB;1.8;0.9;6;25;Some grass eaten by ants;MKA, JB;;;1.91;;1.91;13.25;7.28;4.93;;;;;;;;;2.35;;;;0.03;;;;;;;;15.16;-0.04;-0.57;1.00;0.29
WET_P_1_OP_H1;WET_P_1_H1;WET_P;WET_P_1;Mwantimba;WET;P;1;OP;H1;957;-2.350052;34.049976;17.02.2017;22.03.2017;33;161.60;Chr.ori;1.0;1.0;10;15;Heavily grazed. Small thorny Acacia scattered around.;MKA, JB;1.5;0.8;10;18;Some grass eaten by ants;MKA, JB;2.42;3.28;8.69;5.39;3.20;3.00;;3.00;;;;;;;;;1.96;;;;0.26;;;;;;;;11.69;0.53;;0.71;
WET_P_2_EX_H1;WET_P_2_H1;WET_P;WET_P_2;Mwantimba;WET;P;2;EX;H1;959;-2.348488;34.050110;17.02.2017;22.03.2017;33;161.60;Chr.ori;0.5;0.6;0;15;Heavily grazed. Small thorny Acacia scattered around. Near settlement with large hedge.;MKA, JB;1.6;3;0;40;Some grass eaten by ants;MKA, JB;;;0.00;;;13.46;5.19;4.02;;;;;;;;;2.00;;;;0.13;;;;;;;;13.46;-0.06;-0.01;0.86;0.68
WET_P_2_OP_H1;WET_P_2_H1;WET_P;WET_P_2;Mwantimba;WET;P;2;OP;H1;959;-2.348488;34.050110;17.02.2017;22.03.2017;33;161.60;Chr.ori;1.0;0.2;0;7;Heavily grazed. Small thorny Acacia scattered around. Near settlement with large hedge.;MKA, JB;1;2.6;3;20;Some grass eaten by ants;MKA, JB;0.69;3.21;0.15;;0.15;5.26;;5.26;;;;;;;;;;;;;;;;;;;;;5.41;-0.05;;0.19;
WET_P_3_EX_H1;WET_P_3_H1;WET_P;WET_P_3;Mwantimba;WET;P;3;EX;H1;1022;-2.367293;34.062509;17.02.2017;22.03.2017;33;161.60;Chr.ori;1.0;1.5;;;Very dry, almost no green vegetation.;MKA, JB;3.2;2.6;5;70;Other sp. together 20 %;MKA, JB;;;5.16;;5.16;31.55;4.96;4.78;;;;;;;;;2.17;;;;0.19;;;;;;;;36.71;;0.35;2.67;1.26
WET_P_3_OP_H1;WET_P_3_H1;WET_P;WET_P_3;Mwantimba;WET;P;3;OP;H1;1022;-2.367293;34.062509;17.02.2017;22.03.2017;33;161.60;Chr.ori;1.0;0.9;;;Very dry, almost no green vegetation.;MKA, JB;1.6;0.8;2;55;;MKA, JB;;4.96;0.97;;0.97;20.81;4.94;4.08;;;;;;;;;1.05;;;;0.09;;;;;;;;21.78;;;1.42;
WET_P_4_EX_H1;WET_P_4_H1;WET_P;WET_P_4;Mwantimba;WET;P;4;EX;H1;1020;-2.368570;34.062586;23.02.2017;22.03.2017;27;119.69;Chr.ori;;0.7;9;20;Very dry, almost no green vegetation. No pasture disc on setup.;MKA, JB;1.5;0.7;0;60;;MKA, JB;;;0.00;;;26.71;5.35;4.94;;;;;;;;;2.31;;;;0.10;;;;;;;;26.71;-0.17;0.00;2.29;0.91
WET_P_4_OP_H1;WET_P_4_H1;WET_P;WET_P_4;Mwantimba;WET;P;4;OP;H1;1020;-2.368570;34.062586;23.02.2017;22.03.2017;27;119.69;Chr.ori;;0.4;8;15;Very dry, almost no green vegetation. No pasture disc on setup.;MKA, JB;0.5;1.5;0;40;;MKA, JB;1.65;4.41;0.00;;;17.84;5.06;2.93;2.49;;;;0.12;;;;2.07;;;;0.18;;;;;;;;17.84;-0.17;;1.38;
DRY_W_1_EX_H1;DRY_W_1_H1;DRY_W;DRY_W_1;Maswa;DRY;W;1;EX;H1;995;-3.299332;34.848458;19.02.2017;24.03.2017;33;165.31;Cyn.dac;;1.8;10;20;;MKA, JB;3.5;6.8;12;55;Sum of other sp. <5%;MKA, JB;;;14.67;4.93;5.02;41.78;5.12;4.95;1.82;;;;0.15;;;;1.86;;;;0.15;;;;;;;;56.45;0.20;0.61;3.55;2.38
DRY_W_1_EX2_H1;DRY_W_1_H1;DRY_W;DRY_W_1;Maswa;DRY;W;1;EX2;H1;995;-3.299332;34.848458;19.02.2017;25.03.2017;34;167.02;Cyn.dac;;1.2;10;30;;MKA, JB;2.8;13.4;28;78;;MKA, JB;;;24.35;5.23;4.95;56.73;5.92;4.87;1.58;;;;0.04;;;;2.35;;;;0.16;;;;;;;;81.08;0.99;1.38;5.46;4.32
DRY_W_1_OP_H1;DRY_W_1_H1;DRY_W;DRY_W_1;Maswa;DRY;W;1;OP;H1;995;-3.299332;34.848458;19.02.2017;24.03.2017;33;165.31;Cyn.dac;;0.4;18;35;;MKA, JB;2;1.7;8;28;Each of others <5%;MKA, JB;12.24;14.22;7.46;5.02;2.39;20.77;5.11;4.91;2.03;;;;0.12;;;;2.07;;;;0.39;;;;;;;;28.23;-0.40;;1.18;
DRY_W_2_EX_H1;DRY_W_2_H1;DRY_W;DRY_W_2;Maswa;DRY;W;2;EX;H1;980;-3.303268;34.847796;19.02.2017;24.03.2017;33;165.31;Cyn.dac;;0.4;15;45;Soft soil. Easy to dig in.;MKA, JB;0.5;1.7;4;40;Plot disturbed by animal. Cage knocked over;MKA, JB;;;3.03;;3.03;34.02;5.18;4.92;;;;;;;;;2.21;;;;0.28;;;;;;;;37.05;-0.08;0.08;2.17;-0.28
DRY_W_2_EX2_H1;DRY_W_2_H1;DRY_W;DRY_W_2;Maswa;DRY;W;2;EX2;H1;980;-3.303268;34.847796;19.02.2017;25.03.2017;34;167.02;Cyn.dac;;0.7;15;50;Soft soil. Easy to dig in.;MKA, JB;3;24.6;10;80;All dominant sp. in flowering stage;MKA, JB;;;9.42;5.05;2.50;80.87;5.11;4.97;;;;;;;;;1.82;;;;0.47;;;;;;;;90.29;0.44;0.60;6.46;4.08
DRY_W_2_OP_H1;DRY_W_2_H1;DRY_W;DRY_W_2;Maswa;DRY;W;2;OP;H1;980;-3.303268;34.847796;19.02.2017;24.03.2017;33;165.31;Cyn.dac;;1.1;7;60;;MKA, JB;1.5;2.8;6;45;;MKA, JB;3.99;11.25;2.09;;2.09;38.32;5.65;4.61;;;;;;;;;3.26;;;;0.05;;;;;;;;40.41;-0.16;;2.45;
DRY_W_3_EX_H1;DRY_W_3_H1;DRY_W;DRY_W_3;Maswa;DRY;W;3;EX;H1;998;-3.295645;34.852435;20.02.2017;24.03.2017;32;164.63;Cyn.dac;;0.6;10;25;;MKA, JB;1.5;4.8;20;53;No grazing;MKA, JB;;;8.26;4.07;4.13;30.12;5.05;5.05;0.39;;;;0.13;;;;2.35;;;;0.14;;;;;;;;38.38;0.51;0.09;2.16;1.15
DRY_W_3_EX2_H1;DRY_W_3_H1;DRY_W;DRY_W_3;Maswa;DRY;W;3;EX2;H1;998;-3.295645;34.852435;20.02.2017;25.03.2017;33;166.34;Cyn.dac;;0.2;10;40;;MKA, JB;2;12;25;70;Target sp. in flowering stage;MKA, JB;;;17.64;5.02;4.76;56.39;5.77;4.69;3.50;;;;0.12;;;;3.33;;;;0.38;;;;;;;;74.03;1.28;0.87;5.10;4.11
DRY_W_3_OP_H1;DRY_W_3_H1;DRY_W;DRY_W_3;Maswa;DRY;W;3;OP;H1;998;-3.295645;34.852435;20.02.2017;24.03.2017;32;164.63;Cyn.dac;;0.3;20;45;;MKA, JB;1.3;3.3;20;60;Some grazing on target sp. ;MKA, JB;2.42;13.47;7.26;5.06;3.63;17.91;5.18;4.82;2.10;;;;0.13;;;;2.03;;;;0.23;;;;;;;;25.17;0.42;;1.02;
DRY_W_4_EX_H1;DRY_W_4_H1;DRY_W;DRY_W_4;Maswa;DRY;W;4;EX;H1;1000;-3.296013;34.854327;20.02.2017;25.03.2017;33;170.33;Cyn.dac;;0.2;8;30;;MKA, JB;1.6;3.9;10;50;No grazing;MKA, JB;;;3.59;;3.59;49.69;5.06;4.87;;;;;;;;;2.07;;;;0.21;;;;;;;;53.28;0.18;-0.40;3.24;2.28
DRY_W_4_EX2_H1;DRY_W_4_H1;DRY_W;DRY_W_4;Maswa;DRY;W;4;EX2;H1;1000;-3.296013;34.854327;20.02.2017;25.03.2017;33;170.33;Cyn.dac;;0.3;12;25;;MKA, JB;3.5;3.3;15;50;No grazing;MKA, JB;;;49.76;6.03;4.85;46.73;5.22;4.19;2.28;;;;0.27;;;;1.79;;;;0.04;;;;;;;;96.49;4.06;3.48;6.87;5.92
DRY_W_4_OP_H1;DRY_W_4_H1;DRY_W;DRY_W_4;Maswa;DRY;W;4;OP;H1;1000;-3.296013;34.854327;20.02.2017;25.03.2017;33;170.33;Cyn.dac;;0.5;8;45;;MKA, JB;4;14;9;60;No grazing;MKA, JB;1.47;14.83;8.39;4.96;3.30;17.82;;;1.61;;;;0.06;;;;;;;;;;;;;;;;26.21;0.58;;0.96;
DRY_P_1_EX_H1;DRY_P_1_H1;DRY_P;DRY_P_1;Makao;DRY;P;1;EX;H1;1009;-3.303212;34.847736;21.02.2017;26.03.2017;33;156.81;Chl.pyc;1.3;1.4;5;55;Open clearing between large trees. Small shrubs scattered.;MKA, JB;7.5;18.6;3;95;Quite close to tree, shaded. ;MKA, JB;;;3.06;;3.06;106.62;5.92;4.89;;;;;;;;;;;;;;;;;;;;;109.68;0.09;-0.42;8.07;4.59
DRY_P_1_OP_H1;DRY_P_1_H1;DRY_P;DRY_P_1;Makao;DRY;P;1;OP;H1;1009;-3.303212;34.847736;21.02.2017;26.03.2017;33;156.81;Chl.pyc;1.4;1.3;8;50;Open clearing between large trees. Small shrubs scattered.;MKA, JB;2;4;8;70;;MKA, JB;2.03;13.76;8.04;4.88;3.21;47.08;5.78;4.71;3.92;;;;0.22;;;;1.30;;;;0.15;;;;;;;;55.12;0.51;;3.48;
DRY_P_2_EX_H1;DRY_P_2_H1;DRY_P;DRY_P_2;Makao;DRY;P;2;EX;H1;1006;-3.408426;34.850244;21.02.2017;26.03.2017;33;156.81;Chl.pyc;1.0;0.2;24;45;;MKA, JB;3;10;20;47;Leucas deflexa?;MKA, JB;;;20.78;5.43;5.07;33.33;5.71;4.82;2.91;;;;0.14;;;;;;;;;;;;;;;;54.11;1.25;1.49;3.70;0.99
DRY_P_2_OP_H1;DRY_P_2_H1;DRY_P;DRY_P_2;Makao;DRY;P;2;OP;H1;1006;-3.408426;34.850244;21.02.2017;26.03.2017;33;156.81;Chl.pyc;0.8;1.1;3;30;;MKA, JB;1;0.9;9;55;Each of others <5%;MKA, JB;5.9;10.12;3.13;;3.13;39.21;5.05;4.84;;;;;;;;;1.93;;;;0.02;;;;;;;;42.34;-0.23;;2.71;
DRY_P_3_EX_H1;DRY_P_3_H1;DRY_P;DRY_P_3;Makao;DRY;P;3;EX;H1;1001;-3.406316;34.850407;20.02.2017;26.03.2017;34;176.82;Chl.pyc;1.7;1.5;4;55;Nær pløyd jorde. Mulig det vil utvides.;MKA, JB;;;;;Cage was gone. No records made. ;MKA, JB;;;;;;;;;;;;;;;;;;;;;;;;;;;;;;;;;
DRY_P_3_OP_H1;DRY_P_3_H1;DRY_P;DRY_P_3;Makao;DRY;P;3;OP;H1;1001;-3.406316;34.850407;20.02.2017;26.03.2017;34;176.82;Chl.pyc;1.2;1.2;2;50;Nær pløyd jorde. Mulig det vil utvides.;MKA, JB;2;2.4;7;60;Each of others <5%;MKA, JB;0.79;11.79;1.61;;1.61;51.76;6.30;4.99;;;;;;;;;;;;;;;;;;;;;53.37;0.07;;3.40;
DRY_P_4_EX_H1;DRY_P_4_H1;DRY_P;DRY_P_4;Makao;DRY;P;4;EX;H1;1003;-3.406853;34.851600;20.02.2017;26.03.2017;34;176.82;Chl.pyc;1.5;1.9;10;45;Sandy soil.;MKA, JB;4;8.2;10;55;;MKA, JB;;;9.01;5.17;4.01;47.20;4.97;4.99;;;;;;;;;1.51;;;;0.14;;;;;;;;56.21;0.64;0.57;3.54;1.57
DRY_P_4_OP_H1;DRY_P_4_H1;DRY_P;DRY_P_4;Makao;DRY;P;4;OP;H1;1003;-3.406853;34.851600;20.02.2017;26.03.2017;34;176.82;Chl.pyc;1.5;3.5;5;45;Sandy soil.;MKA, JB;2.3;5.6;4;50;;MKA, JB;1.16;12.82;2.04;;2.04;34.92;4.95;4.98;;;;;;;;;;;;;;;;;;;;;36.96;0.07;;1.97;
SE_1_EX_H1;SE_1_H1;SE;SE_1;Seronera;SE;W;1;EX;H1;1023;-2.437747;34.855162;26.02.2017;18.03.2017;20;84.86;Dig.mac;;0.9;4;45;;MKA, JB;4;7.3;6;65;;MKA, JB;;;5.02;;5.02;36.34;5.19;5.17;;;;;;;;1.70;1.99;;;;0.92;;;;;;;;41.36;;-0.65;4.03;-0.36
SE_1_EX2_H1;SE_1_H1;SE;SE_1;Seronera;SE;W;1;EX2;H1;1023;-2.437747;34.855162;25.02.2017;18.03.2017;21;86.14;Dig.mac;;1.0;2;45;;MKA, JB;3.9;8.3;3;60;;MKA, JB;;;3.18;;3.18;47.03;5.33;4.92;;;;;;;;1.29;1.69;;;;0.08;;;;;;;;50.21;;-0.87;5.01;0.83
SE_1_OP_H1;SE_1_H1;SE;SE_1;Seronera;SE;W;1;OP;H1;1023;-2.437747;34.855162;25.02.2017;18.03.2017;21;86.14;Dig.mac;;2.6;2;45;;MKA, JB;4.3;10.3;10;55;;MKA, JB;;12.35;9.72;;9.72;34.21;5.55;5.08;;;;;;;;1.13;1.96;;;;0.12;;;;;;;;43.93;;;4.18;
SE_2_EX_H1;SE_2_H1;SE;SE_2;Seronera;SE;W;2;EX;H1;1025;-2.437766;34.855394;26.02.2017;18.03.2017;20;84.86;Dig.mac;;1.8;3;35;;MKA, JB;3.9;7.4;5;70;;MKA, JB;;;4.68;;4.68;36.83;5.43;5.10;;;;;;;;0.93;1.93;;;;0.13;;;;;;;;41.51;;-0.39;4.59;1.11
SE_2_EX2_H1;SE_2_H1;SE;SE_2;Seronera;SE;W;2;EX2;H1;1025;-2.437766;34.855394;25.02.2017;18.03.2017;21;86.14;Dig.mac;;2.1;12;30;;MKA, JB;3.4;5.4;18;45;;MKA, JB;;;7.25;;4.81;16.19;5.47;4.56;;;;;;;;1.15;1.82;;;;0.21;;;;;;;;23.44;;-0.03;1.98;-1.33
SE_2_OP_H1;SE_2_H1;SE;SE_2;Seronera;SE;W;2;OP;H1;1025;-2.437766;34.855394;25.02.2017;18.03.2017;21;86.14;Dig.mac;;3.3;8;35;;MKA, JB;3.4;4.4;10;40;NB! Check sphaerantus sp.;MKA, JB;;8.48;7.50;2.79;2.17;26.02;5.22;5.08;1.72;;;;0.13;;;1.09;1.96;;;;0.27;;;;;;;;33.52;;;3.31;
SE_3_EX_H1;SE_3_H1;SE;SE_3;Seronera;SE;W;3;EX;H1;1027;-2.437991;34.855418;26.02.2017;18.03.2017;20;84.86;Dig.mac;;2.4;5;50;;MKA, JB;5;8.3;7;70;;MKA, JB;;;16.94;5.08;5.07;46.21;5.16;5.08;1.65;;;;0.22;;;1.56;0.40;;;;0.19;;;;;;;;63.15;;1.48;7.41;3.32
SE_3_EX2_H1;SE_3_H1;SE;SE_3;Seronera;SE;W;3;EX2;H1;1027;-2.437991;34.855418;25.02.2017;18.03.2017;21;86.14;Dig.mac;;1.4;5;45;;MKA, JB;5;3.3;15;65;;MKA, JB;;;9.12;4.35;2.21;30.96;5.24;4.93;1.36;;;;0.16;;;0.59;1.69;;;;0.38;;;;;;;;40.08;;0.37;4.00;0.11
SE_3_OP_H1;SE_3_H1;SE;SE_3;Seronera;SE;W;3;OP;H1;1027;-2.437991;34.855418;25.02.2017;18.03.2017;21;86.14;Dig.mac;;1.3;10;40;;MKA, JB;4.1;6;6;50;;MKA, JB;;9.81;6.31;;6.31;32.97;5.64;5.15;;;;;;;;0.95;1.72;;;;0.05;;;;;;;;39.28;;;3.90;
SE_4_EX_H1;SE_4_H1;SE;SE_4;Seronera;SE;W;4;EX;H1;1026;-2.438079;34.854989;26.02.2017;18.03.2017;20;84.86;Dig.mac;;3.9;6;35;;MKA, JB;5.6;8.8;8;65;;MKA, JB;;;9.73;4.83;2.26;42.17;5.28;5.19;1.89;;;;0.16;;;1.46;2.03;;;;0.33;;;;;;;;51.90;;0.09;5.81;2.14
SE_4_EX2_H1;SE_4_H1;SE;SE_4;Seronera;SE;W;4;EX2;H1;1026;-2.438079;34.854989;25.02.2017;18.03.2017;21;86.14;Dig.mac;;2.7;15;35;;MKA, JB;5.4;12.5;25;55;;MKA, JB;;;26.28;5.10;5.02;34.41;5.54;4.91;1.58;;;;0.22;;;1.25;2.14;;;;0.23;;;;;;;;60.69;;2.28;6.69;3.20
SE_4_OP_H1;SE_4_H1;SE;SE_4;Seronera;SE;W;4;OP;H1;1026;-2.438079;34.854989;25.02.2017;18.03.2017;21;86.14;Dig.mac;;4.1;6;40;;MKA, JB;4.7;7.1;10;45;;MKA, JB;;10.1;9.08;;5.00;27.41;5.38;4.66;;;;;;;;1.38;2.10;;;;0.12;;;;;;;;36.49;;;3.49;
WET_W_1_EX_H2;WET_W_1_H2;WET_W;WET_W_1;Handajega;WET;W;1;EX;H2;954;-2.272484;34.023326;20.03.2017;13.05.2017;54;217.80;The.tri;1.5;2.7;7;45;;JB, SWS;3.5;17;5;40;Setup very dry. Difficult to separate The.tri from Het.con. Now, surely both present.;SWS, JB;1.28;17.38;2.22;;2.22;23.49;5.18;4.87;;;;;;;;;;;;;;;;;;;;;25.71;0.02;0.04;0.62;-0.57
WET_W_1_OP_H2;WET_W_1_H2;WET_W;WET_W_1;Handajega;WET;W;1;OP;H2;954;-2.272484;34.023326;20.03.2017;13.05.2017;54;217.80;The.tri;1.5;5.5;5;45;;JB, SWS;5.2;10.2;5;30;||;SWS, JB;1.74;13.73;1.43;;1.43;35.27;5.06;4.89;;;;;;;;;;;;;;;;;;;;;36.70;-0.02;;1.18;
WET_W_2_EX_H2;WET_W_2_H2;WET_W;WET_W_2;Handajega;WET;W;2;EX;H2;953;-2.278300;34.024459;20.03.2017;13.05.2017;54;217.80;The.tri;1.5;1.4;8;35;Cage smaller than last. Should stretch out next time. ;JB, SWS;5;24.6;20;55;;SWS, JB;2.47;7.75;14.86;5.02;4.99;37.83;5.31;4.81;;;;;;;;;1.40;;;;0.16;;;;;;;;52.69;0.67;0.76;2.34;2.04
WET_W_2_OP_H2;WET_W_2_H2;WET_W;WET_W_2;Handajega;WET;W;2;OP;H2;953;-2.278300;34.024459;20.03.2017;13.05.2017;54;217.80;The.tri;0.8;3.7;15;35;;JB, SWS;3;9.6;15;50;;SWS, JB;1.85;7.29;;;;12.97;5.00;4.57;;;;;;;;;;;;;;;;;;;;;12.97;;;0.29;
WET_W_3_EX_H2;WET_W_3_H2;WET_W;WET_W_3;Handajega;WET;W;3;EX;H2;951;-2.277999;34.027678;21.03.2017;13.05.2017;53;213.79;The.tri;2.8;1.4;15;35;;JB, SWS;3.5;31.6;40;65;;SWS, JB;8.18;14.7;63.96;5.24;5.03;17.08;5.37;5.03;1.44;0.84;;;0.12;0.19;;;;1.23;;;;0.23;;;;;;;81.04;2.78;3.35;3.00;3.34
WET_W_3_OP_H2;WET_W_3_H2;WET_W;WET_W_3;Handajega;WET;W;3;OP;H2;951;-2.277999;34.027678;21.03.2017;13.05.2017;53;213.79;The.tri;2.7;1.5;33;40;;JB, SWS;3.2;13.2;20;55;;SWS, JB;10.92;23.75;;;;17.26;4.70;4.43;;;;;;;;;1.16;1.26;;;0.15;0.22;;;;;;;17.26;;;-0.34;
WET_W_4_EX_H2;WET_W_4_H2;WET_W;WET_W_4;Handajega;WET;W;4;EX;H2;950;-2.278837;34.031884;21.03.2017;13.05.2017;53;213.79;The.tri;1.0;3.3;25;40;;JB, SWS;3.5;20.6;15;50;;SWS, JB;2.91;13.17;9.28;;4.59;24.44;5.06;4.93;;1.23;;;;0.21;;;1.33;;;;0.10;;;;;;;;33.72;0.20;0.11;1.24;0.43
WET_W_4_OP_H2;WET_W_4_H2;WET_W;WET_W_4;Handajega;WET;W;4;OP;H2;950;-2.278837;34.031884;21.03.2017;13.05.2017;53;213.79;The.tri;0.7;1.4;18;35;;JB, SWS;2;6;10;30;;SWS, JB;5.55;10;7.11;4.87;1.55;18.38;4.98;4.86;1.30;;;;0.12;;;;2.03;1.33;;;0.12;0.24;;;;;;;25.49;0.08;;0.81;
WET_P_1_EX_H2;WET_P_1_H2;WET_P;WET_P_1;Mwantimba;WET;P;1;EX;H2;957;-2.350052;34.049976;22.03.2017;14.05.2017;53;222.92;Chr.ori;1.0;0.3;12;15;;JB, SWS;3;14.2;55;92;Slightly in shade. Excl in..;SWS, JB;1.91;15.16;24.25;5.02;4.63;33.89;5.24;4.91;1.54;1.79;;;0.12;0.24;;;4.52;2.07;;;0.13;0.16;;;;;;;58.14;0.82;0.41;2.43;1.50
WET_P_1_OP_H2;WET_P_1_H2;WET_P;WET_P_1;Mwantimba;WET;P;1;OP;H2;957;-2.350052;34.049976;22.03.2017;14.05.2017;53;222.92;Chr.ori;1.2;0.6;8;12;;JB, SWS;1;9.6;45;60;;SWS, JB;8.69;11.69;16.37;5.49;4.95;13.16;5.00;4.91;1.93;1.51;;;0.34;0.20;;;2.56;;;;0.13;;;;;;;;29.53;0.40;;0.94;
WET_P_2_EX_H2;WET_P_2_H2;WET_P;WET_P_2;Mwantimba;WET;P;2;EX;H2;959;-2.348488;34.050110;22.03.2017;14.05.2017;53;222.92;Chr.ori;1.5;1.6;12;50;;JB, SWS;5.5;16.8;20;80;;SWS, JB;0.00;13.46;24.42;5.02;4.91;36.79;5.11;4.99;2.80;1.40;;;0.11;0.17;;;1.47;;;;0.09;;;;;;;;61.21;1.27;0.67;2.92;1.68
WET_P_2_OP_H2;WET_P_2_H2;WET_P;WET_P_2;Mwantimba;WET;P;2;OP;H2;959;-2.348488;34.050110;22.03.2017;14.05.2017;53;222.92;Chr.ori;1.6;2.0;7;40;;JB, SWS;2.2;5.2;30;65;;SWS, JB;0.15;5.41;11.62;;5.96;17.50;5.03;4.99;;1.61;;;;0.23;;;1.79;1.65;;;0.15;0.18;;;;;;;29.12;0.60;;1.24;
WET_P_3_EX_H2;WET_P_3_H2;WET_P;WET_P_3;Mwantimba;WET;P;3;EX;H2;1022;-2.367293;34.062509;22.03.2017;14.05.2017;53;222.92;Chr.ori;1.5;3.8;7;60;;JB, SWS;12;51.4;5;95;Misidentificaion of Chl.pyg vs. Chr.ori in dry season;SWS, JB;5.16;36.71;4.80;;4.80;99.42;5.09;4.97;;0.70;;;;0.19;;;1.44;1.37;;;0.10;0.22;;;;;;;104.22;0.20;0.19;4.32;0.77
WET_P_3_OP_H2;WET_P_3_H2;WET_P;WET_P_3;Mwantimba;WET;P;3;OP;H2;1022;-2.367293;34.062509;22.03.2017;14.05.2017;53;222.92;Chr.ori;1.8;0.7;8;45;;JB, SWS;4;28.6;3;95;;SWS, JB;0.97;21.78;1.11;;1.11;88.37;5.16;4.99;;;;;;;;;1.51;2.45;;;0.13;0.22;;;;;;;89.48;0.01;;3.55;
WET_P_4_EX_H2;WET_P_4_H2;WET_P;WET_P_4;Mwantimba;WET;P;4;EX;H2;1020;-2.368570;34.062586;22.03.2017;14.05.2017;53;222.92;Chr.ori;1.8;0.4;18;35;;JB, SWS;5.2;28.6;25;85;;SWS, JB;0.00;26.71;9.22;;4.02;68.18;5.38;4.93;;0.91;;;;0.26;;;1.37;1.12;;;0.32;0.17;;;;;;;77.40;0.48;-0.45;3.12;0.49
WET_P_4_OP_H2;WET_P_4_H2;WET_P;WET_P_4;Mwantimba;WET;P;4;OP;H2;1020;-2.368570;34.062586;22.03.2017;14.05.2017;53;222.92;Chr.ori;1.7;2.1;55;70;;JB, SWS;2.5;17.6;25;95;;SWS, JB;0.00;17.84;17.76;5.10;4.94;50.22;5.14;5.11;1.47;;;;0.13;;;;2.24;;;;0.09;;;;;;;;67.98;0.93;;2.63;
DRY_W_1_EX_H2;DRY_W_1_H2;DRY_W;DRY_W_1;Maswa;DRY;W;1;EX;H2;995;-3.299332;34.848458;24.03.2017;11.05.2017;48;115.33;Cyn.dac;2.0;6.8;13;30;Each of others <5%;JB, SWS;;;;;Dry. Exclosure destroyed. Grazed.No harvest. ;SWS, JB;14.67;56.45;;;;;;;;;;;;;;;;;;;;;;;;;;;;;;;
DRY_W_1_EX2_H2;DRY_W_1_H2;DRY_W;DRY_W_1;Maswa;DRY;W;1;EX2;H2;995;-3.299332;34.848458;25.03.2017;11.05.2017;47;115.33;Cyn.dac;2.3;19.5;13;35;;JB, SWS;2.5;13;15;60;Dry. ;SWS, JB;24.35;81.08;;;;;;;;;;;;;;;;;;;;;;;;;;;;;;;
DRY_W_1_OP_H2;DRY_W_1_H2;DRY_W;DRY_W_1;Maswa;DRY;W;1;OP;H2;995;-3.299332;34.848458;24.03.2017;11.05.2017;48;115.33;Cyn.dac;1.5;3.6;8;38;Each of others <5%;JB, SWS;1.7;3.3;10;30;Dry. ;SWS, JB;7.46;28.23;;;;;;;;;;;;;;;;;;;;;;;;;;;;;;;
DRY_W_2_EX_H2;DRY_W_2_H2;DRY_W;DRY_W_2;Maswa;DRY;W;2;EX;H2;980;-3.303268;34.847796;24.03.2017;11.05.2017;48;115.33;Cyn.dac;0.5;1.5;4;35;Each of others <5%;JB, SWS;1.5;6.8;10;40;Dry. ;SWS, JB;3.03;37.05;14.46;5.16;4.91;11.35;;5.67;1.96;;;;0.12;;;;;0.91;;;;0.16;;;;;;;25.81;0.72;0.54;-0.84;0.58
DRY_W_2_EX2_H2;DRY_W_2_H2;DRY_W;DRY_W_2;Maswa;DRY;W;2;EX2;H2;980;-3.303268;34.847796;25.03.2017;11.05.2017;47;115.33;Cyn.dac;2.5;6.4;15;40;;JB, SWS;2;9.6;40;60;Dry. ;SWS, JB;9.42;90.29;;;;;;;;;;;;;;;;;;;;;;;;;;;;;;;
DRY_W_2_OP_H2;DRY_W_2_H2;DRY_W;DRY_W_2;Maswa;DRY;W;2;OP;H2;980;-3.303268;34.847796;24.03.2017;11.05.2017;48;115.33;Cyn.dac;1.7;3.5;10;30;;JB, SWS;1.7;3.2;15;25;Dry. ;SWS, JB;2.09;40.41;5.07;;5.07;10.73;;6.37;;;;;;;;;;1.44;;;;0.20;;;;;;;15.80;0.17;;-1.42;
DRY_W_3_EX_H2;DRY_W_3_H2;DRY_W;DRY_W_3;Maswa;DRY;W;3;EX;H2;998;-3.295645;34.852435;24.03.2017;11.05.2017;48;115.33;Cyn.dac;1.2;4.1;6;50;No grazing;JB, SWS;;;;;Dry. Exclosure lost. No harvest.;SWS, JB;8.26;38.38;;;;;;;;;;;;;;;;;;;;;;;;;;;;;;;
DRY_W_3_EX2_H2;DRY_W_3_H2;DRY_W;DRY_W_3;Maswa;DRY;W;3;EX2;H2;998;-3.295645;34.852435;25.03.2017;11.05.2017;47;115.33;Cyn.dac;1.5;4.3;6;31;;JB, SWS;;;;;Dry. Exclosure lost. No harvest.;SWS, JB;17.64;74.03;8.04;;8.04;38.37;5.05;5.14;3.43;1.47;;;0.20;0.18;;;1.58;;;;0.15;;;;;;;;46.41;0.05;0.13;1.26;1.29
DRY_W_3_OP_H2;DRY_W_3_H2;DRY_W;DRY_W_3;Maswa;DRY;W;3;OP;H2;998;-3.295645;34.852435;24.03.2017;11.05.2017;48;115.33;Cyn.dac;1.5;14.8;15;62;;JB, SWS;;;;;Dry. No change in open. H2=H3. No harvest.;SWS, JB;7.26;25.17;5.92;;5.92;18.64;5.04;4.84;;;;;;;;;6.51;;;;0.14;;;;;;;;24.56;-0.08;;-0.04;
DRY_W_4_EX_H2;DRY_W_4_H2;DRY_W;DRY_W_4;Maswa;DRY;W;4;EX;H2;1000;-3.296013;34.854327;25.03.2017;11.05.2017;47;132.71;Cyn.dac;1.0;2.3;6;35;No grazing;JB, SWS;2;3.6;18;25;Dry. ;SWS, JB;3.59;53.28;4.07;;4.07;39.53;5.04;5.17;;;;;;;;;;;;;;;;;;;;;43.60;-0.26;-0.08;1.03;1.62
DRY_W_4_EX2_H2;DRY_W_4_H2;DRY_W;DRY_W_4;Maswa;DRY;W;4;EX2;H2;1000;-3.296013;34.854327;25.03.2017;11.05.2017;47;132.71;Cyn.dac;1.8;3.2;7;35;;JB, SWS;;;20;45;Dry. Exclosure lost. No harvest. ;SWS, JB;49.76;96.49;24.86;5.04;5.04;21.43;5.05;4.98;3.26;;;;0.13;;;;2.07;;;;0.08;;;;;;;;46.29;0.97;1.15;1.19;1.78
DRY_W_4_OP_H2;DRY_W_4_H2;DRY_W;DRY_W_4;Maswa;DRY;W;4;OP;H2;1000;-3.296013;34.854327;25.03.2017;11.05.2017;47;132.71;Cyn.dac;1.5;;8;55;;JB, SWS;1.5;1.2;10;25;Dry. ;SWS, JB;8.39;26.21;5.41;;5.41;10.83;5.49;5.34;;;;;;;;;1.82;;;;0.06;;;;;;;;16.24;-0.18;;-0.59;
DRY_P_1_EX_H2;DRY_P_1_H2;DRY_P;DRY_P_1;Makao;DRY;P;1;EX;H2;1009;-3.303212;34.847736;26.03.2017;09.05.2017;44;90.82;Chl.pyc;4.0;7.1;11;60;;JB, SWS;4;15.6;25;85;Dry;SWS, JB;3.06;109.68;24.77;5.15;4.94;48.16;5.02;4.98;1.05;0.95;;;0.08;0.17;;;1.65;;;;0.06;;;;;;;;72.93;1.06;0.09;1.12;2.60
DRY_P_1_OP_H2;DRY_P_1_H2;DRY_P;DRY_P_1;Makao;DRY;P;1;OP;H2;1009;-3.303212;34.847736;26.03.2017;09.05.2017;44;90.82;Chl.pyc;1.8;7.9;30;70;;JB, SWS;1.5;8.8;65;75;Dry;SWS, JB;8.04;55.12;23.31;5.12;4.98;8.38;5.14;3.24;1.33;;;;0.11;;;;;;;;;;;;;;;;31.69;0.96;;-1.48;
DRY_P_2_EX_H2;DRY_P_2_H2;DRY_P;DRY_P_2;Makao;DRY;P;2;EX;H2;1006;-3.408426;34.850244;26.03.2017;09.05.2017;44;90.82;Chl.pyc;1.1;1.1;15;28;Each of other sp. <5%;JB, SWS;1.5;11.2;25;55;Dry;SWS, JB;20.78;54.11;14.68;5.02;2.26;14.99;5.04;4.86;1.47;1.19;;;0.11;0.26;;;1.51;1.12;;;0.14;0.17;;;;;;;29.67;0.73;0.85;-0.80;0.83
DRY_P_2_OP_H2;DRY_P_2_H2;DRY_P;DRY_P_2;Makao;DRY;P;2;OP;H2;1006;-3.408426;34.850244;26.03.2017;09.05.2017;44;90.82;Chl.pyc;1.5;2.6;10;40;;JB, SWS;1.5;6.6;15;35;Dry;SWS, JB;3.13;42.34;1.18;;1.18;15.35;5.03;4.97;;;;;;;;;1.33;;;;0.10;;;;;;;;16.53;-0.12;;-1.63;
DRY_P_3_EX_H2;DRY_P_3_H2;DRY_P;DRY_P_3;Makao;DRY;P;3;EX;H2;1001;-3.406316;34.850407;26.03.2017;09.05.2017;44;90.82;Chl.pyc;1.8;2.2;25;35;;JB, SWS;2;14.2;40;55;Dry;SWS, JB;;;13.47;5.09;3.66;14.20;5.07;4.32;2.10;;;;0.07;;;;0.74;;;;0.06;;;;;;;;27.67;0.75;0.38;-1.62;-0.76
DRY_P_3_OP_H2;DRY_P_3_H2;DRY_P;DRY_P_3;Makao;DRY;P;3;OP;H2;1001;-3.406316;34.850407;26.03.2017;09.05.2017;44;90.82;Chl.pyc;1.2;3.5;15;50;;JB, SWS;2.5;14.1;15;70;Dry;SWS, JB;1.61;53.37;7.41;4.75;2.65;32.37;5.25;4.95;;;;;;;;;1.30;;;;0.06;;;;;;;;39.78;0.37;;-0.86;
DRY_P_4_EX_H2;DRY_P_4_H2;DRY_P;DRY_P_4;Makao;DRY;P;4;EX;H2;1003;-3.406853;34.851600;26.03.2017;09.05.2017;44;90.82;Chl.pyc;1.3;4.5;7;35;Each of other sp. <5% (Mic.kun, Spo.fes);JB, SWS;1;6.1;10;40;Dry;SWS, JB;9.01;56.21;5.69;;5.69;21.03;5.08;5.00;;;;;;;;;1.44;;;;0.11;;;;;;;;26.72;0.23;-0.66;-0.65;-1.32
DRY_P_4_OP_H2;DRY_P_4_H2;DRY_P;DRY_P_4;Makao;DRY;P;4;OP;H2;1003;-3.406853;34.851600;26.03.2017;09.05.2017;44;90.82;Chl.pyc;1.2;3.7;15;60;;JB, SWS;2;12.4;40;75;Dry;SWS, JB;2.04;36.96;16.16;5.11;4.89;31.39;5.02;5.02;2.59;;;;0.10;;;;1.19;1.19;;;0.08;0.15;;;;;;;47.55;0.89;;0.67;
SE_1_EX_H2;SE_1_H2;SE;SE_1;Seronera;SE;W;1;EX;H2;1023;-2.437747;34.855162;18.03.2017;17.05.2017;60;136.42;Dig.mac;5.0;4.5;15;50;;JB, SWS;5.8;35.6;25;60;;SWS, JB;5.02;41.36;20.74;5.00;3.83;44.89;5.03;4.67;1.40;1.26;;;0.19;0.40;;;1.68;1.72;;;0.17;0.29;;;;;;;65.63;0.51;0.61;1.00;-0.04
SE_1_EX2_H2;SE_1_H2;SE;SE_1;Seronera;SE;W;1;EX2;H2;1023;-2.437747;34.855162;18.03.2017;17.05.2017;60;136.42;Dig.mac;4.5;2.5;7;45;;JB, SWS;4.5;21.5;15;50;;SWS, JB;3.18;50.21;9.19;;3.42;39.75;5.18;4.62;;;;;;;;;1.82;;;;0.13;;;;;;;;48.94;-0.02;0.07;0.23;-0.81
SE_1_OP_H2;SE_1_H2;SE;SE_1;Seronera;SE;W;1;OP;H2;1023;-2.437747;34.855162;18.03.2017;17.05.2017;60;136.42;Dig.mac;5.1;10.9;8;55;;JB, SWS;4.7;20.4;15;75;;SWS, JB;9.72;43.93;7.67;;4.45;58.87;5.25;4.91;;;;;;;;;1.65;1.26;;;0.15;0.34;;;;;;;66.54;-0.09;;1.05;
SE_2_EX_H2;SE_2_H2;SE;SE_2;Seronera;SE;W;2;EX;H2;1025;-2.437766;34.855394;18.03.2017;17.05.2017;60;136.42;Dig.mac;5.4;;25;75;;JB, SWS;8;23.4;30;85;;SWS, JB;4.68;41.51;32.45;5.75;5.00;53.54;5.40;4.96;1.19;0.91;;;0.09;0.37;;;1.26;1.23;;;0.09;0.36;;;;;;;85.99;1.16;;2.43;3.51
SE_2_EX2_H2;SE_2_H2;SE;SE_2;Seronera;SE;W;2;EX2;H2;1025;-2.437766;34.855394;18.03.2017;17.05.2017;60;136.42;Dig.mac;4.5;8.9;10;65;;JB, SWS;5.6;32;10;55;;SWS, JB;7.25;23.44;5.81;;5.81;56.07;5.25;4.98;;1.30;;;;0.34;;;1.40;1.68;;;0.09;0.29;;;;;;;61.88;-0.08;;1.31;2.40
SE_2_OP_H2;SE_2_H2;SE;SE_2;Seronera;SE;W;2;OP;H2;1025;-2.437766;34.855394;18.03.2017;17.05.2017;60;136.42;Dig.mac;3.0;6.5;7;55;;JB, SWS;2.2;11.8;8;25;;SWS, JB;7.50;33.52;;;;10.14;4.18;2.60;;;;;;;;;2.38;1.79;;;0.15;0.41;;;;;;;10.14;;;-1.08;
SE_3_EX_H2;SE_3_H2;SE;SE_3;Seronera;SE;W;3;EX;H2;1027;-2.437991;34.855418;18.03.2017;17.05.2017;60;136.42;Dig.mac;4.5;6.7;10;50;;JB, SWS;5.7;28.4;20;65;;SWS, JB;16.94;63.15;7.99;4.75;3.19;43.38;5.33;4.95;;;;;;;;;1.10;0.95;;;0.20;0.36;;;;;;;51.37;0.08;-0.63;0.56;-0.15
SE_3_EX2_H2;SE_3_H2;SE;SE_3;Seronera;SE;W;3;EX2;H2;1027;-2.437991;34.855418;18.03.2017;17.05.2017;60;136.42;Dig.mac;5.1;7.8;15;50;;JB, SWS;3.6;24.6;10;70;;SWS, JB;9.12;40.08;5.26;;5.26;58.58;5.37;5.04;0.95;;;;0.18;;;;1.10;1.23;;;0.15;0.30;;;;;;;63.84;-0.05;-0.75;1.14;0.43
SE_3_OP_H2;SE_3_H2;SE;SE_3;Seronera;SE;W;3;OP;H2;1027;-2.437991;34.855418;18.03.2017;17.05.2017;60;136.42;Dig.mac;3.9;7.7;15;45;;JB, SWS;4.5;22.4;20;55;;SWS, JB;6.31;39.28;21.55;5.03;4.82;33.02;5.23;4.88;1.05;1.02;;;0.17;0.30;;;1.19;1.33;;;0.17;0.49;;;;;;;54.57;0.71;;0.71;
SE_4_EX_H2;SE_4_H2;SE;SE_4;Seronera;SE;W;4;EX;H2;1026;-2.438079;34.854989;18.03.2017;17.05.2017;60;136.42;Dig.mac;4.0;10.1;6;50;Each of others <5%;JB, SWS;5.5;24.4;20;60;;SWS, JB;9.73;51.9;8.14;;3.95;53.85;5.40;4.99;;1.30;;;;0.33;;;1.65;1.47;;;0.05;0.27;;;;;;;61.99;-0.04;0.15;1.18;0.58
SE_4_EX2_H2;SE_4_H2;SE;SE_4;Seronera;SE;W;4;EX2;H2;1026;-2.438079;34.854989;18.03.2017;17.05.2017;60;136.42;Dig.mac;5.3;7.0;25;65;;JB, SWS;10.5;28;25;85;;SWS, JB;26.28;60.69;21.61;5.20;4.54;66.91;5.54;4.98;4.24;1.12;;;0.15;0.28;;;1.12;1.12;;;0.12;0.21;;;;;;;88.52;0.58;0.78;2.41;1.81
SE_4_OP_H2;SE_4_H2;SE;SE_4;Seronera;SE;W;4;OP;H2;1026;-2.438079;34.854989;18.03.2017;17.05.2017;60;136.42;Dig.mac;3.0;6.0;4;45;;JB, SWS;5;20.4;10;60;;SWS, JB;9.08;36.49;4.87;;4.87;44.62;5.49;4.92;;;;;;;;;1.23;1.16;;;0.25;0.22;;;;;;;49.49;-0.19;;0.60;
WET_W_1_EX_H3;WET_W_1_H3;WET_W;WET_W_1;Handajega;WET;W;1;EX;H3;954;-2.272484;34.023326;13.05.2017;24.07.2017;72;95.97;The.tri;1.5;7.4;5;25;;;1.6;7.2;5;17;;JB, AS;2.22;25.71;8.41;1.80;;14.08;5.30;;0.74;;;;1.07;;;;1.33;;;;0.16;;;;;;;;22.49;-0.23;0.20;-1.04;0.12
WET_W_1_OP_H3;WET_W_1_H3;WET_W;WET_W_1;Handajega;WET;W;1;OP;H3;954;-2.272484;34.023326;13.05.2017;24.07.2017;72;95.97;The.tri;4.0;12.2;12;35;;;2;6.8;8;25;;JB, AS;14.3;49.57;3.20;2.77;;16.13;5.26;;;;;;;;;;1.09;;;;0.18;;;;;;;;19.33;-0.43;;-1.17;
WET_W_2_EX_H3;WET_W_2_H3;WET_W;WET_W_2;Handajega;WET;W;2;EX;H3;953;-2.278300;34.024459;13.05.2017;24.07.2017;72;95.97;The.tri;3.0;25.4;40;70;;;2;4.2;10;27;;JB, AS;14.86;52.69;7.67;3.52;;23.28;3.25;;;;;;;;;;1.12;;;;0.22;;;;;;;;30.95;;0.13;0.69;0.56
WET_W_2_OP_H3;WET_W_2_H3;WET_W;WET_W_2;Handajega;WET;W;2;OP;H3;953;-2.278300;34.024459;13.05.2017;24.07.2017;72;95.97;The.tri;2.5;13.2;25;55;;;1.5;10.2;8;25;;JB, AS;;12.97;4.27;3.10;;12.18;10.26;;;;;;;;;;0.98;;;;0.20;;;;;;;;16.45;;;0.13;
WET_W_3_EX_H3;WET_W_3_H3;WET_W;WET_W_3;Handajega;WET;W;3;EX;H3;951;-2.277999;34.027678;13.05.2017;24.07.2017;72;95.97;The.tri;2.2;21.0;25;60;;;3;21;35;65;;JB, AS;63.96;81.04;21.13;9.97;;20.08;6.47;;0.67;;;;0.16;;;;0.95;;;;0.17;;;;;;;;41.21;;0.49;0.92;0.86
WET_W_3_OP_H3;WET_W_3_H3;WET_W;WET_W_3;Handajega;WET;W;3;OP;H3;951;-2.277999;34.027678;13.05.2017;24.07.2017;72;95.97;The.tri;3.4;14.8;25;50;;;2.5;6.8;7;30;;JB, AS;;17.26;8.35;3.66;;10.58;2.39;;0.88;;;;0.19;;;;1.02;;;;0.20;;;;;;;;18.93;;;0.06;
WET_W_4_EX_H3;WET_W_4_H3;WET_W;WET_W_4;Handajega;WET;W;4;EX;H3;950;-2.278837;34.031884;13.05.2017;24.07.2017;72;95.97;The.tri;4.0;10.8;15;35;;;3;9;20;45;;JB, AS;9.28;33.72;26.72;10.42;;4.92;2.43;;0.77;;;;0.16;;;;;;;;;;;;;;;;31.64;0.76;0.58;0.24;-0.38
WET_W_4_OP_H3;WET_W_4_H3;WET_W;WET_W_4;Handajega;WET;W;4;OP;H3;950;-2.278837;34.031884;13.05.2017;24.07.2017;72;95.97;The.tri;3.2;22.2;20;55;;;2;2.6;13;27;;JB, AS;7.11;25.49;11.58;4.18;;29.90;1.61;;0.84;;;;0.24;;;;;;;;;;;;;;;;41.48;0.17;;0.62;
WET_P_1_EX_H3;WET_P_1_H3;WET_P;WET_P_1;Mwantimba;WET;P;1;EX;H3;957;-2.350052;34.049976;14.05.2017;23.07.2017;70;71.70;Chr.ori;3.0;2.2;38;55;;;2.5;2.2;28;40;;JB, AS;24.25;58.14;38.76;14.38;;11.19;3.46;;0.84;;;;0.14;;;;1.05;;;;0.26;;;;;;;;49.95;0.89;0.08;0.81;0.48
WET_P_1_OP_H3;WET_P_1_H3;WET_P;WET_P_1;Mwantimba;WET;P;1;OP;H3;957;-2.350052;34.049976;14.05.2017;23.07.2017;70;71.70;Chr.ori;1.0;2.2;70;85;;;1;1.4;30;35;;JB, AS;16.37;29.53;36.69;15.39;;1.23;1.20;;1.09;;;;0.14;;;;;;;;;;;;;;;;37.92;0.81;;0.33;
WET_P_2_EX_H3;WET_P_2_H3;WET_P;WET_P_2;Mwantimba;WET;P;2;EX;H3;959;-2.348488;34.050110;14.05.2017;23.07.2017;70;71.70;Chr.ori;2.0;4.4;40;60;;;2.2;8.8;25;37;;JB, AS;24.42;61.21;30.58;11.35;;10.29;1.50;;1.26;;;;0.20;;;;10.90;;;;0.14;;;;;;;;40.87;0.75;0.11;0.47;0.40
WET_P_2_OP_H3;WET_P_2_H3;WET_P;WET_P_2;Mwantimba;WET;P;2;OP;H3;959;-2.348488;34.050110;14.05.2017;23.07.2017;70;71.70;Chr.ori;1.3;5.4;45;55;;;1.9;1.8;15;22;;JB, AS;11.62;29.12;27.70;11.87;;3.12;1.65;;1.40;;;;0.20;;;;;;;;;;;;;;;;30.82;0.64;;0.07;
WET_P_3_EX_H3;WET_P_3_H3;WET_P;WET_P_3;Mwantimba;WET;P;3;EX;H3;1022;-2.367293;34.062509;14.05.2017;23.07.2017;70;71.70;Chr.ori;3.0;17.0;30;95;;;2.8;24;45;70;;JB, AS;4.8;104.22;40.77;5.87;;20.14;6.83;;1.05;;;;0.26;;;;1.05;;;;0.21;;;;;;;;60.91;1.57;0.94;-1.13;1.45
WET_P_3_OP_H3;WET_P_3_H3;WET_P;WET_P_3;Mwantimba;WET;P;3;OP;H3;1022;-2.367293;34.062509;14.05.2017;23.07.2017;70;71.70;Chr.ori;;25.0;40;95;;;2;4;40;55;;JB, AS;1.11;89.48;17.13;16.12;;7.14;3.33;;0.84;;;;0.22;;;;;;;;;;;;;;;;24.27;0.64;;-2.59;
WET_P_4_EX_H3;WET_P_4_H3;WET_P;WET_P_4;Mwantimba;WET;P;4;EX;H3;1020;-2.368570;34.062586;14.05.2017;23.07.2017;70;71.70;Chr.ori;4.8;16.8;25;75;;;4.5;13.8;15;50;;JB, AS;9.22;77.4;16.68;8.22;;38.95;16.03;;0.81;;;;0.22;;;;0.98;;;;0.24;;;;;;;;55.63;-0.04;0.22;-0.49;0.76
WET_P_4_OP_H3;WET_P_4_H3;WET_P;WET_P_4;Mwantimba;WET;P;4;OP;H3;1020;-2.368570;34.062586;14.05.2017;23.07.2017;70;71.70;Chr.ori;2.0;9.6;25;70;;;1.7;10.2;18;45;;JB, AS;17.76;67.98;11.17;4.22;;25.21;11.70;;0.88;;;;0.21;;;;;;;;;;;;;;;;36.38;-0.26;;-1.25;
DRY_W_1_EX_H3;DRY_W_1_H3;DRY_W;DRY_W_1;Maswa;DRY;W;1;EX;H3;995;-3.299332;34.848458;11.05.2017;21.07.2017;71;9.60;Cyn.dac;2.0;6.0;15;45;;;1.5;5;10;30;;JB, AS;;;6.43;1.38;;2.68;1.35;;;;;;;;;;1.05;;;;0.27;;;;;;;;9.11;0.25;0.00;0.36;-0.04
DRY_W_1_EX2_H3;DRY_W_1_H3;DRY_W;DRY_W_1;Maswa;DRY;W;1;EX2;H3;995;-3.299332;34.848458;11.05.2017;21.07.2017;71;9.60;Cyn.dac;2.3;4.0;20;45;;;2;2.4;13;35;;JB, AS;;;1.38;0.60;;16.36;5.86;;;;;;;;;;0.88;;;;0.20;;;;;;;;17.74;0.05;-0.20;0.69;0.29
DRY_W_1_OP_H3;DRY_W_1_H3;DRY_W;DRY_W_1;Maswa;DRY;W;1;OP;H3;995;-3.299332;34.848458;11.05.2017;21.07.2017;71;9.60;Cyn.dac;1.5;4.2;18;30;;;2;1.4;5;13;;JB, AS;0;0;6.48;3.93;;3.76;2.11;;;;;;;;;;;;;;;;;;;;;;10.24;0.25;;0.40;
DRY_W_2_EX_H3;DRY_W_2_H3;DRY_W;DRY_W_2;Maswa;DRY;W;2;EX;H3;980;-3.303268;34.847796;11.05.2017;21.07.2017;71;9.60;Cyn.dac;3.5;2.6;10;35;;;2.5;4.4;5;20;;JB, AS;14.46;25.81;3.80;2.20;;7.75;2.08;;;;;;;;;;0.88;;;;0.09;;;;;;;;11.55;-0.05;-0.16;-0.17;-0.08
DRY_W_2_EX2_H3;DRY_W_2_H3;DRY_W;DRY_W_2;Maswa;DRY;W;2;EX2;H3;980;-3.303268;34.847796;11.05.2017;21.07.2017;71;9.60;Cyn.dac;1.5;2.4;10;40;;;2;5.6;7;25;;JB, AS;;;5.73;2.42;;12.85;4.36;;;;;;;;;;1.23;;;;0.15;;;;;;;;18.58;0.03;-0.09;0.11;0.20
DRY_W_2_OP_H3;DRY_W_2_H3;DRY_W;DRY_W_2;Maswa;DRY;W;2;OP;H3;980;-3.303268;34.847796;11.05.2017;21.07.2017;71;9.60;Cyn.dac;1.5;3.6;15;25;;;;1.4;3;10;;JB, AS;5.07;15.8;8.00;2.68;;5.57;2.88;;;;;;;;;;;;;;;;;;;;;;13.57;0.11;;-0.09;
DRY_W_3_EX_H3;DRY_W_3_H3;DRY_W;DRY_W_3;Maswa;DRY;W;3;EX;H3;998;-3.295645;34.852435;11.05.2017;21.07.2017;71;9.60;Cyn.dac;2.4;2.6;20;25;;;2.5;1;10;17;;JB, AS;;;5.85;2.62;;9.00;4.32;;1.19;;;;0.14;;;;;;;;;;;;;;;;14.85;0.00;0.04;-0.38;0.14
DRY_W_3_EX2_H3;DRY_W_3_H3;DRY_W;DRY_W_3;Maswa;DRY;W;3;EX2;H3;998;-3.295645;34.852435;11.05.2017;21.07.2017;71;9.60;Cyn.dac;1.5;3.2;5;25;;;2;2.7;3;15;;JB, AS;8.04;46.41;6.88;2.66;;21.95;8.26;;;;;;;;;;1.16;;;;0.18;;;;;;;;28.83;0.04;0.08;0.17;0.69
DRY_W_3_OP_H3;DRY_W_3_H3;DRY_W;DRY_W_3;Maswa;DRY;W;3;OP;H3;998;-3.295645;34.852435;11.05.2017;21.07.2017;71;9.60;Cyn.dac;1.3;3.3;10;30;;;1.5;3.6;11;15;;JB, AS;5.92;24.56;4.74;2.41;;6.51;3.75;;;;;;;;;;;;;;;;;;;;;;11.25;-0.05;;-0.52;
DRY_W_4_EX_H3;DRY_W_4_H3;DRY_W;DRY_W_4;Maswa;DRY;W;4;EX;H3;1000;-3.296013;34.854327;11.05.2017;21.07.2017;71;16.58;Cyn.dac;1.5;2.8;7;15;;;;1;5;7;;JB, AS;4.07;43.6;4.67;2.77;;8.81;1.97;;;;;;;;;;0.81;;;;0.12;;;;;;;;13.48;-0.03;0.05;-0.11;0.19
DRY_W_4_EX2_H3;DRY_W_4_H3;DRY_W;DRY_W_4;Maswa;DRY;W;4;EX2;H3;1000;-3.296013;34.854327;11.05.2017;21.07.2017;71;16.58;Cyn.dac;;4.7;20;45;;;1.5;3.8;15;30;;JB, AS;24.86;46.29;3.60;2.35;;14.01;4.88;;0.98;;;;0.16;;;;1.16;;;;0.17;;;;;;;;17.61;-0.07;0.01;0.05;0.35
DRY_W_4_OP_H3;DRY_W_4_H3;DRY_W;DRY_W_4;Maswa;DRY;W;4;OP;H3;1000;-3.296013;34.854327;11.05.2017;21.07.2017;71;16.58;Cyn.dac;1.5;5.4;20;30;;;1.7;3.2;15;25;;JB, AS;5.41;16.24;3.46;2.28;;5.14;2.12;;1.23;;;;0.17;;;;0.95;;;;0.20;;;;;;;;8.60;-0.08;;-0.30;
DRY_P_1_EX_H3;DRY_P_1_H3;DRY_P;DRY_P_1;Makao;DRY;P;1;EX;H3;1009;-3.303212;34.847736;09.05.2017;22.07.2017;74;6.67;Chl.pyc;3.0;14.6;55;75;;;2;7.2;35;55;;JB, AS;24.77;72.93;16.78;4.80;;13.52;3.50;;;;;;;;;;1.05;;;;0.17;;;;;;;;30.30;-0.25;0.34;-0.05;0.67
DRY_P_1_OP_H3;DRY_P_1_H3;DRY_P;DRY_P_1;Makao;DRY;P;1;OP;H3;1009;-3.303212;34.847736;09.05.2017;22.07.2017;74;6.67;Chl.pyc;3.0;19.2;70;90;;;;1;12;20;;JB, AS;23.31;31.69;7.75;1.61;;4.75;2.70;;1.05;;;;0.16;;;;;;;;;;;;;;;;12.50;-0.58;;-0.72;
DRY_P_2_EX_H3;DRY_P_2_H3;DRY_P;DRY_P_2;Makao;DRY;P;2;EX;H3;1006;-3.408426;34.850244;09.05.2017;22.07.2017;74;6.67;Chl.pyc;1.2;7.4;10;35;;;1.5;4.8;8;15;;JB, AS;14.68;29.67;4.42;2.27;;16.88;4.44;;;;;;;;;;1.16;;;;0.19;;;;;;;;21.30;0.12;0.15;0.18;0.50
DRY_P_2_OP_H3;DRY_P_2_H3;DRY_P;DRY_P_2;Makao;DRY;P;2;OP;H3;1006;-3.408426;34.850244;09.05.2017;22.07.2017;74;6.67;Chl.pyc;1.0;4.8;15;50;;;1.5;0.9;2;15;;JB, AS;1.18;16.53;0.44;0.40;;7.58;1.80;;;;;;;;;;0.91;;;;0.16;;;;;;;;8.02;-0.03;;-0.32;
DRY_P_3_EX_H3;DRY_P_3_H3;DRY_P;DRY_P_3;Makao;DRY;P;3;EX;H3;1001;-3.406316;34.850407;09.05.2017;22.07.2017;74;6.67;Chl.pyc;11.0;18.8;35;60;;;1;1.8;10;25;;JB, AS;13.47;27.67;1.43;0.91;;14.18;3.95;;;;;;;;;;0.95;;;;0.11;;;;;;;;15.61;-0.22;0.04;-0.91;0.27
DRY_P_3_OP_H3;DRY_P_3_H3;DRY_P;DRY_P_3;Makao;DRY;P;3;OP;H3;1001;-3.406316;34.850407;09.05.2017;22.07.2017;74;6.67;Chl.pyc;2.0;12.1;30;55;;;1;0.6;7;12;;JB, AS;7.41;39.78;0.43;0.32;;7.97;2.05;;;;;;;;;;1.02;;;;0.13;;;;;;;;8.40;-0.26;;-1.18;
DRY_P_4_EX_H3;DRY_P_4_H3;DRY_P;DRY_P_4;Makao;DRY;P;4;EX;H3;1003;-3.406853;34.851600;09.05.2017;22.07.2017;74;6.67;Chl.pyc;2.5;14.4;20;70;;;1;1.8;7;25;;JB, AS;5.69;26.72;2.60;1.40;;18.26;5.16;;;;;;;;;;0.88;;;;0.10;;;;;;;;20.86;-0.51;0.06;-1.00;0.57
DRY_P_4_OP_H3;DRY_P_4_H3;DRY_P;DRY_P_4;Makao;DRY;P;4;OP;H3;1003;-3.406853;34.851600;09.05.2017;22.07.2017;74;6.67;Chl.pyc;2.4;15.6;25;60;;;0.4;0.9;4;7;;JB, AS;16.16;47.55;0.98;0.69;;4.74;1.76;;;;;;;;;;;;;;;;;;;;;;5.72;-0.57;;-1.57;
SE_1_EX_H3;SE_1_H3;SE;SE_1;Seronera;SE;W;1;EX;H3;1023;-2.437747;34.855162;17.05.2017;26.07.2017;70;65.34;Dig.mac;8.2;28.4;25;80;;;6;10.6;30;65;;JB, AS;20.74;65.63;18.05;5.54;;33.30;15.64;;0.98;;;;0.24;;;;0.91;;;;0.23;;;;;;;;51.35;0.41;0.33;-0.60;0.85
SE_1_EX2_H3;SE_1_H3;SE;SE_1;Seronera;SE;W;1;EX2;H3;1023;-2.437747;34.855162;17.05.2017;26.07.2017;70;65.34;Dig.mac;2.0;13.4;30;50;;;2.5;6.2;20;30;;JB, AS;9.19;48.94;13.90;4.36;;10.68;2.32;;1.05;;;;0.21;;;;1.23;;;;0.27;;;;;;;;24.58;0.25;0.17;-1.67;-0.21
SE_1_OP_H3;SE_1_H3;SE;SE_1;Seronera;SE;W;1;OP;H3;1023;-2.437747;34.855162;17.05.2017;26.07.2017;70;65.34;Dig.mac;5.0;18.4;15;60;;;3.5;4.4;20;30;;JB, AS;7.67;66.54;9.69;4.84;;20.23;5.65;;;;;;;;;;1.02;;;;0.18;;;;;;;;29.92;0.08;;-1.45;
SE_2_EX_H3;SE_2_H3;SE;SE_2;Seronera;SE;W;2;EX;H3;1025;-2.437766;34.855394;17.05.2017;26.07.2017;70;65.34;Dig.mac;4.0;10.0;25;50;;;2.5;3.8;12;20;;JB, AS;32.45;85.99;7.72;4.22;;15.37;4.51;;;;;;;;;;1.26;;;;0.22;;;;;;;;23.09;;-0.37;0.51;-0.42
SE_2_EX2_H3;SE_2_H3;SE;SE_2;Seronera;SE;W;2;EX2;H3;1025;-2.437766;34.855394;17.05.2017;26.07.2017;70;65.34;Dig.mac;2.5;18.2;15;65;;;2.1;9.6;10;40;;JB, AS;5.81;61.88;29.30;2.38;;31.02;11.73;;;;;;;;;;1.05;;;;0.28;;;;;;;;60.32;;0.48;1.99;1.05
SE_2_OP_H3;SE_2_H3;SE;SE_2;Seronera;SE;W;2;OP;H3;1025;-2.437766;34.855394;17.05.2017;26.07.2017;70;65.34;Dig.mac;3.5;10.4;30;50;;;2.2;5.4;18;25;;JB, AS;;10.14;17.15;3.25;;16.59;6.10;;0.81;;;;0.24;;;;;;;;;;;;;;;;33.74;;;0.94;
SE_3_EX_H3;SE_3_H3;SE;SE_3;Seronera;SE;W;3;EX;H3;1027;-2.437991;34.855418;17.05.2017;26.07.2017;70;65.34;Dig.mac;4.0;7.4;;45;;;2.2;9.2;12;23;;JB, AS;7.99;51.37;12.50;4.99;;5.92;2.48;;;;;;;;;;;;;;;;;;;;;;18.42;-0.36;0.23;-1.43;-0.42
SE_3_EX2_H3;SE_3_H3;SE;SE_3;Seronera;SE;W;3;EX2;H3;1027;-2.437991;34.855418;17.05.2017;26.07.2017;70;65.34;Dig.mac;2.5;15.4;15;45;;;2.2;6.6;10;35;;JB, AS;5.26;63.84;10.12;3.70;;19.71;4.77;;;;;;;;;;1.09;;;;0.26;;;;;;;;29.83;-0.45;0.13;-0.98;0.03
SE_3_OP_H3;SE_3_H3;SE;SE_3;Seronera;SE;W;3;OP;H3;1027;-2.437991;34.855418;17.05.2017;26.07.2017;70;65.34;Dig.mac;5.5;24.8;18;55;;;2.5;5.4;8;25;;JB, AS;21.55;54.57;6.81;3.70;;22.31;4.26;;;;;;;;;;1.89;;;;0.22;;;;;;;;29.12;-0.58;;-1.01;
SE_4_EX_H3;SE_4_H3;SE;SE_4;Seronera;SE;W;4;EX;H3;1026;-2.438079;34.854989;17.05.2017;26.07.2017;70;65.34;Dig.mac;6.5;18.2;35;70;;;3.5;7.4;25;35;;JB, AS;8.14;61.99;16.55;4.63;;24.26;10.15;;0.88;;;;0.44;;;;0.98;;;;0.23;;;;;;;;40.81;0.46;0.39;-0.34;1.08
SE_4_EX2_H3;SE_4_H3;SE;SE_4;Seronera;SE;W;4;EX2;H3;1026;-2.438079;34.854989;17.05.2017;26.07.2017;70;65.34;Dig.mac;2.5;19.2;20;60;;;1;6;12;27;;JB, AS;21.61;88.52;5.67;2.18;;19.72;8.63;;;;;;;;;;;;;;;;;;;;;;25.39;0.03;-0.04;-0.96;0.47
SE_4_OP_H3;SE_4_H3;SE;SE_4;Seronera;SE;W;4;OP;H3;1026;-2.438079;34.854989;17.05.2017;26.07.2017;70;65.34;Dig.mac;4.5;8.8;20;45;;;2.5;2.2;10;17;;JB, AS;4.87;49.49;6.80;4.05;;6.77;3.34;;;;;;;;;;;;;;;;;;;;;;13.57;0.08;;-1.43;
WET_W_1_EX_H4;WET_W_1_H4;WET_W;WET_W_1;Handajega;WET;W;1;EX;H4;954;-2.272484;34.023326;24.07.2017;01.10.2017;69;162.63;The.tri;4.0;29.4;10;35;;;5.5;19.6;17;50;In shade of tree, almost under canopy! ;JB, MKA;8.41;22.49;10.26;5.07;5.28;46.51;5.35;4.85;2.87;;;;0.09;;;;2.91;;;;0.08;;;;;;;;56.77;0.28;0.06;1.51;0.45
WET_W_1_OP_H4;WET_W_1_H4;WET_W;WET_W_1;Handajega;WET;W;1;OP;H4;954;-2.272484;34.023326;24.07.2017;01.10.2017;69;162.63;The.tri;3.2;11.4;12;30;;;4;7.4;10;36;Others <5;JB, MKA;3.2;19.33;8.78;4.92;3.13;36.91;5.26;5.02;2.73;;;;0.08;;;;3.99;;;;0.10;;;;;;;;45.69;0.22;;1.06;
WET_W_2_EX_H4;WET_W_2_H4;WET_W;WET_W_2;Handajega;WET;W;2;EX;H4;953;-2.278300;34.024459;24.07.2017;01.10.2017;69;162.63;The.tri;1.2;12.4;25;40;;;3.5;6.2;5;45;Barbed wire stolen from exclosure;JB, MKA;7.67;30.95;7.72;;3.70;20.03;5.08;4.96;;;;;;;;;2.56;;;;0.18;;;;;;;;27.75;0.14;-0.01;0.45;-0.09
WET_W_2_OP_H4;WET_W_2_H4;WET_W;WET_W_2;Handajega;WET;W;2;OP;H4;953;-2.278300;34.024459;24.07.2017;01.10.2017;69;162.63;The.tri;2.3;10.8;15;38;;;3.3;4.5;17;35;;JB, MKA;4.27;16.45;8.07;5.08;3.18;21.81;5.14;4.97;2.10;;;;0.10;;;;3.01;;;;0.17;;;;;;;;29.88;0.15;;0.54;
WET_W_3_EX_H4;WET_W_3_H4;WET_W;WET_W_3;Handajega;WET;W;3;EX;H4;951;-2.277999;34.027678;24.07.2017;01.10.2017;69;162.63;The.tri;2.0;7.4;6;30;;;2;8.6;8;30;;JB, MKA;21.13;41.21;10.83;5.07;4.61;28.21;5.11;4.93;0.88;;;;0.05;;;;2.28;;;;0.12;;;;;;;;39.04;0.10;-0.12;0.81;-2.39
WET_W_3_OP_H4;WET_W_3_H4;WET_W;WET_W_3;Handajega;WET;W;3;OP;H4;951;-2.277999;34.027678;24.07.2017;01.10.2017;69;162.63;The.tri;9.5;15.8;16;60;;;9.7;12.9;10;50;Others <5 ;JB, MKA;8.35;18.93;13.75;5.11;4.98;84.64;5.38;5.05;1.75;;;;0.13;;;;2.24;;;;0.97;;;;;;;;98.39;0.22;;3.20;
WET_W_4_EX_H4;WET_W_4_H4;WET_W;WET_W_4;Handajega;WET;W;4;EX;H4;950;-2.278837;34.031884;24.07.2017;01.10.2017;69;162.63;The.tri;4.2;16.0;35;55;;;6.1;16.2;44;50;;JB, MKA;26.72;31.64;51.26;5.04;4.98;7.37;4.76;2.62;2.24;;;;0.04;;;;3.08;;;;0.12;;;;;;;;58.63;1.60;1.72;0.69;0.95
WET_W_4_OP_H4;WET_W_4_H4;WET_W;WET_W_4;Handajega;WET;W;4;OP;H4;950;-2.278837;34.031884;24.07.2017;01.10.2017;69;162.63;The.tri;2.5;18.4;20;40;;;2.1;3.8;5;30;;JB, MKA;11.58;41.48;8.57;4.93;3.71;26.38;5.05;4.81;1.30;;;;0.09;;;;2.63;;;;0.06;;;;;;;;34.95;-0.12;;-0.26;
WET_P_1_EX_H4;WET_P_1_H4;WET_P;WET_P_1;Mwantimba;WET;P;1;EX;H4;957;-2.350052;34.049976;23.07.2017;30.09.2017;69;136.27;Chr.ori;1.6;2.0;35;45;Others not easily identified. ;;0.25;1.7;34;37;Others <5;JB, MKA;38.76;49.95;22.77;5.68;5.02;1.19;;1.19;4.03;;;;0.15;;;;;;;;;;;;;;;;23.96;-0.56;-0.47;-0.56;-0.46
WET_P_1_OP_H4;WET_P_1_H4;WET_P;WET_P_1;Mwantimba;WET;P;1;OP;H4;957;-2.350052;34.049976;23.07.2017;30.09.2017;69;136.27;Chr.ori;1.3;1.2;35;40;;;0;1.7;28;30;Others <5;JB, MKA;36.69;37.92;34.50;5.46;5.06;0.94;;0.94;4.06;;;;0.08;;;;;;;;;;;;;;;;35.44;-0.09;;-0.10;
WET_P_2_EX_H4;WET_P_2_H4;WET_P;WET_P_2;Mwantimba;WET;P;2;EX;H4;959;-2.348488;34.050110;23.07.2017;30.09.2017;69;136.27;Chr.ori;1.7;3.0;30;40;;;2;2.3;43;55;;JB, MKA;30.58;40.87;20.96;5.19;4.95;5.82;;5.82;;;;;;;;;;;;;;;;;;;;;26.78;-0.27;0.12;-0.16;0.31
WET_P_2_OP_H4;WET_P_2_H4;WET_P;WET_P_2;Mwantimba;WET;P;2;OP;H4;959;-2.348488;34.050110;23.07.2017;30.09.2017;69;136.27;Chr.ori;1.5;1.2;38;45;;;0;1.4;21;25;;JB, MKA;27.7;30.82;17.90;5.30;4.83;1.11;;1.11;3.75;;;;0.14;;;;;;;;;;;;;;;;19.01;-0.39;;-0.48;
WET_P_3_EX_H4;WET_P_3_H4;WET_P;WET_P_3;Mwantimba;WET;P;3;EX;H4;1022;-2.367293;34.062509;23.07.2017;30.09.2017;69;136.27;Chr.ori;1.8;4.4;25;60;;;1.5;2.6;27;48;Others <5;JB, MKA;40.77;60.91;13.18;5.06;3.07;5.38;;5.38;2.49;;;;0.18;;;;;;;;;;;;;;;;18.56;-0.16;0.02;-0.23;0.15
WET_P_3_OP_H4;WET_P_3_H4;WET_P;WET_P_3;Mwantimba;WET;P;3;OP;H4;1022;-2.367293;34.062509;23.07.2017;30.09.2017;69;136.27;Chr.ori;2.0;14.8;30;45;;;1.25;1.9;22;25;Others <5;JB, MKA;17.13;24.27;12.64;4.95;4.01;2.10;;2.10;3.19;;;;0.06;;;;;;;;;;;;;;;;14.74;-0.18;;-0.38;
WET_P_4_EX_H4;WET_P_4_H4;WET_P;WET_P_4;Mwantimba;WET;P;4;EX;H4;1020;-2.368570;34.062586;23.07.2017;30.09.2017;69;136.27;Chr.ori;2.0;3.6;20;40;;;1.4;2.8;20;35;Others <5;JB, MKA;16.68;55.63;13.92;4.98;4.43;7.26;4.08;2.40;2.84;;;;0.33;;;;2.24;;;;0.09;;;;;;;;21.18;0.11;-0.15;-0.61;-0.36
WET_P_4_OP_H4;WET_P_4_H4;WET_P;WET_P_4;Mwantimba;WET;P;4;OP;H4;1020;-2.368570;34.062586;23.07.2017;30.09.2017;69;136.27;Chr.ori;1.8;11.6;45;60;;;1.5;1.4;30;40;;JB, MKA;11.17;36.38;17.63;5.11;5.04;12.43;7.96;4.21;2.49;;;;0.06;;;;2.03;;;;0.10;;;;;;;;30.06;0.26;;-0.25;
DRY_W_1_EX_H4;DRY_W_1_H4;DRY_W;DRY_W_1;Maswa;DRY;W;1;EX;H4;995;-3.299332;34.848458;21.07.2017;28.09.2017;69;6.90;Cyn.dac;0.5;4.4;4;10;;;2;5.4;4;22;Others <5;JB, MKA;6.43;9.11;2.28;;2.28;7.37;4.28;2.35;;;;;;;;;2.66;;;;0.09;;;;;;;;9.65;-0.17;-0.08;-0.02;0.00
DRY_W_1_EX2_H4;DRY_W_1_H4;DRY_W;DRY_W_1;Maswa;DRY;W;1;EX2;H4;995;-3.299332;34.848458;21.07.2017;28.09.2017;69;6.90;Cyn.dac;1.5;2.0;15;40;;;2;5;8;40;Others <5;JB, MKA;1.38;17.74;5.32;;5.32;13.62;5.05;4.51;;;;;;;;;2.28;;;;0.19;;;;;;;;18.94;-0.05;0.04;0.35;0.38
DRY_W_1_OP_H4;DRY_W_1_H4;DRY_W;DRY_W_1;Maswa;DRY;W;1;OP;H4;995;-3.299332;34.848458;21.07.2017;28.09.2017;69;6.90;Cyn.dac;1.5;1.4;8;20;;;1;4;5;30;Others <5;JB, MKA;6.48;10.24;4.33;;4.33;5.21;;5.21;;;;;;;;;;;;;;;;;;;;;9.54;-0.09;;-0.03;
DRY_W_2_EX_H4;DRY_W_2_H4;DRY_W;DRY_W_2;Maswa;DRY;W;2;EX;H4;980;-3.303268;34.847796;21.07.2017;28.09.2017;69;6.90;Cyn.dac;2.5;6.2;25;40;;;2.25;5;10;28;;JB, MKA;3.8;11.55;12.35;5.13;3.57;3.41;;3.41;2.52;;;;0.13;;;;;;;;;;;;;;;;15.76;0.18;0.40;0.09;0.45
DRY_W_2_EX2_H4;DRY_W_2_H4;DRY_W;DRY_W_2;Maswa;DRY;W;2;EX2;H4;980;-3.303268;34.847796;21.07.2017;28.09.2017;69;6.90;Cyn.dac;2.2;1.8;12;17;;;1.5;2.2;7;14;Others <5;JB, MKA;5.73;18.58;3.87;;3.87;4.05;;4.05;;;;;;;;;;;;;;;;;;;;;7.92;-0.17;0.05;-0.23;0.13
DRY_W_2_OP_H4;DRY_W_2_H4;DRY_W;DRY_W_2;Maswa;DRY;W;2;OP;H4;980;-3.303268;34.847796;21.07.2017;28.09.2017;69;6.90;Cyn.dac;2.0;7.0;5;20;;;1;1.6;4;8;Others <5;JB, MKA;8;13.57;2.52;;2.52;2.05;;2.05;;;;;;;;;;;;;;;;;;;;;4.57;-0.22;;-0.36;
DRY_W_3_EX_H4;DRY_W_3_H4;DRY_W;DRY_W_3;Maswa;DRY;W;3;EX;H4;998;-3.295645;34.852435;21.07.2017;28.09.2017;69;6.90;Cyn.dac;2.5;7.6;13;30;;;2.5;2;8;15;Others <5;JB, MKA;5.85;14.85;5.11;;5.11;5.46;;5.46;;;;;;;;;;;;;;;;;;;;;10.57;0.01;0.06;-0.03;0.15
DRY_W_3_EX2_H4;DRY_W_3_H4;DRY_W;DRY_W_3;Maswa;DRY;W;3;EX2;H4;998;-3.295645;34.852435;21.07.2017;28.09.2017;69;6.90;Cyn.dac;;2.0;6;10;;;1;1;3;5;;JB, MKA;6.88;28.83;1.77;;1.77;3.15;;3.15;;;;;;;;;;;;;;;;;;;;;4.92;-0.12;-0.07;-0.25;-0.08
DRY_W_3_OP_H4;DRY_W_3_H4;DRY_W;DRY_W_3;Maswa;DRY;W;3;OP;H4;998;-3.295645;34.852435;21.07.2017;28.09.2017;69;6.90;Cyn.dac;2.8;1.0;10;13;;;0;1.6;5;6;Others <5;JB, MKA;4.74;11.25;3.60;;3.60;3.29;;3.29;;;;;;;;;;;;;;;;;;;;;6.89;-0.05;;-0.18;
DRY_W_4_EX_H4;DRY_W_4_H4;DRY_W;DRY_W_4;Maswa;DRY;W;4;EX;H4;1000;-3.296013;34.854327;21.07.2017;28.09.2017;69;12.56;Cyn.dac;3.5;1.6;5;10;;;1.5;1.2;5;9;Others <5;JB, MKA;4.67;13.48;3.80;;3.80;3.87;;3.87;;;;;;;;;;;;;;;;;;;;;7.67;0.01;0.08;-0.04;0.05
DRY_W_4_EX2_H4;DRY_W_4_H4;DRY_W;DRY_W_4;Maswa;DRY;W;4;EX2;H4;1000;-3.296013;34.854327;21.07.2017;28.09.2017;69;12.56;Cyn.dac;2.5;1.8;14;19;;;2;1.8;11;13;Others 2 %;JB, MKA;3.6;17.61;3.92;;3.92;6.29;;4.05;;;;;;;;;;;;;;;;;;;;;10.21;0.02;0.09;0.06;0.16
DRY_W_4_OP_H4;DRY_W_4_H4;DRY_W;DRY_W_4;Maswa;DRY;W;4;OP;H4;1000;-3.296013;34.854327;21.07.2017;28.09.2017;69;12.56;Cyn.dac;1.5;4.6;8;22;;;1.5;1.8;6;13;Others <5;JB, MKA;3.46;8.6;1.72;;1.72;4.61;;4.61;;;;;;;;;;;;;;;;;;;;;6.33;-0.07;;-0.09;
DRY_P_1_EX_H4;DRY_P_1_H4;DRY_P;DRY_P_1;Makao;DRY;P;1;EX;H4;1009;-3.303212;34.847736;22.07.2017;27.09.2017;67;6.53;Chl.pyc;0.5;1.0;5;15;;;0;0;1;5;Picture 8.39.24 (Marit, drive), showing vegetation cover in dry season!;JB, MKA;16.78;30.3;0.18;;0.18;2.19;;2.19;;;;;;;;;;;;;;;;;;;;;2.37;-0.31;0.01;-0.42;0.10
DRY_P_1_OP_H4;DRY_P_1_H4;DRY_P;DRY_P_1;Makao;DRY;P;1;OP;H4;1009;-3.303212;34.847736;22.07.2017;27.09.2017;67;6.53;Chl.pyc;1.5;1.0;10;25;;;0;0;1;6;Corner pegs gone. Measures done at approx. Same place. All veg. gone (grazed/dried) ;JB, MKA;7.75;12.5;0.00;;;0.00;;;;;;;;;;;;;;;;;;;;;;;0.00;-0.32;;-0.52;
DRY_P_2_EX_H4;DRY_P_2_H4;DRY_P;DRY_P_2;Makao;DRY;P;2;EX;H4;1006;-3.408426;34.850244;22.07.2017;27.09.2017;67;6.53;Chl.pyc;0.5;0.4;5;10;;;0;0;1;4;;JB, MKA;4.42;21.3;0.00;;;0.00;;;;;;;;;;;;;;;;;;;;;;;0.00;-0.02;0.00;-0.33;0.00
DRY_P_2_OP_H4;DRY_P_2_H4;DRY_P;DRY_P_2;Makao;DRY;P;2;OP;H4;1006;-3.408426;34.850244;22.07.2017;27.09.2017;67;6.53;Chl.pyc;2.0;4.6;5;20;;;0;0;1;4;Plot in shade from the trees. A small tree in the plot. ;JB, MKA;0.44;8.02;0.00;;;0.00;;;;;;;;;;;;;;;;;;;;;;;0.00;-0.02;;-0.33;
DRY_P_3_EX_H4;DRY_P_3_H4;DRY_P;DRY_P_3;Makao;DRY;P;3;EX;H4;1001;-3.406316;34.850407;22.07.2017;27.09.2017;67;6.53;Chl.pyc;0.5;0.9;4;8;;;0;0;1;3;;JB, MKA;1.43;15.61;0.00;;;0.00;;;;;;;;;;;;;;;;;;;;;;;0.00;-0.02;;-0.35;
DRY_P_3_OP_H4;DRY_P_3_H4;DRY_P;DRY_P_3;Makao;DRY;P;3;OP;H4;1001;-3.406316;34.850407;22.07.2017;27.09.2017;67;6.53;Chl.pyc;0.5;1.0;2;8;;;;;;;Plot missing;JB, MKA;0.43;8.4;;;;;;;;;;;;;;;;;;;;;;;;;;;;;;;
DRY_P_4_EX_H4;DRY_P_4_H4;DRY_P;DRY_P_4;Makao;DRY;P;4;EX;H4;1003;-3.406853;34.851600;22.07.2017;27.09.2017;67;6.53;Chl.pyc;0.7;1.4;7;15;;;0;0;1;8;No biomass harvested. ;JB, MKA;2.6;20.86;0.00;;;0.00;;;;;;;;;;;;;;;;;;;;;;;0.00;-0.04;;-0.24;
DRY_P_4_OP_H4;DRY_P_4_H4;DRY_P;DRY_P_4;Makao;DRY;P;4;OP;H4;1003;-3.406853;34.851600;22.07.2017;27.09.2017;67;6.53;Chl.pyc;1.0;0.9;2;10;;;;;;;Plot missing;JB, MKA;0.98;5.72;;;;;;;;;;;;;;;;;;;;;;;;;;;;;;;
SE_1_EX_H4;SE_1_H4;SE;SE_1;Seronera;SE;W;1;EX;H4;1023;-2.437747;34.855162;26.07.2017;25.09.2017;61;167.09;Dig.mac;4.0;7.6;25;35;;;5;10.2;20;50;;JB, MKA;18.05;51.35;30.41;5.04;4.95;30.83;5.07;4.97;1.75;;;;0.03;;;;2.63;;;;0.15;;;;;;;;61.24;0.94;0.32;1.43;0.64
SE_1_EX2_H4;SE_1_H4;SE;SE_1;Seronera;SE;W;1;EX2;H4;1023;-2.437747;34.855162;26.07.2017;25.09.2017;61;167.09;Dig.mac;2.5;10.8;20;50;;;7;15;30;70;;JB, MKA;13.9;24.58;23.55;5.06;4.71;55.17;5.04;5.05;2.17;;;;0.15;;;;1.09;;;;0.14;;;;;;;;78.72;0.63;0.01;2.22;1.44
SE_1_OP_H4;SE_1_H4;SE;SE_1;Seronera;SE;W;1;OP;H4;1023;-2.437747;34.855162;26.07.2017;25.09.2017;61;167.09;Dig.mac;2.2;6.8;20;30;;;2.5;7;25;40;;JB, MKA;9.69;29.92;23.30;5.13;4.98;23.81;5.13;4.89;1.69;;;;0.12;;;;2.17;;;;0.13;;;;;;;;47.11;0.62;;0.78;
SE_2_EX_H4;SE_2_H4;SE;SE_2;Seronera;SE;W;2;EX;H4;1025;-2.437766;34.855394;26.07.2017;25.09.2017;61;167.09;Dig.mac;4.2;17.8;10;45;;;5;10.8;12;70;Destroyed plot, toppled over. Some grazing in plot, but not much. ;JB, MKA;7.72;23.09;10.67;6.18;4.49;72.08;5.06;5.06;1.58;;;;0.13;;;;1.44;;;;0.12;;;;;;;;82.75;-0.30;-0.07;2.23;1.81
SE_2_EX2_H4;SE_2_H4;SE;SE_2;Seronera;SE;W;2;EX2;H4;1025;-2.437766;34.855394;26.07.2017;25.09.2017;61;167.09;Dig.mac;2.2;9.0;5;30;;;2.75;7.6;8;35;;JB, MKA;29.3;60.32;8.58;4.94;3.65;40.10;5.03;4.72;1.40;;;;0.14;;;;1.54;;;;0.14;;;;;;;;48.68;-0.39;-0.16;0.68;0.25
SE_2_OP_H4;SE_2_H4;SE;SE_2;Seronera;SE;W;2;OP;H4;1025;-2.437766;34.855394;26.07.2017;25.09.2017;61;167.09;Dig.mac;3.5;4.8;12;40;;;3.5;6.2;17;40;;JB, MKA;17.15;33.74;12.14;5.06;4.66;30.97;5.09;4.95;1.26;;;;0.07;;;;1.36;;;;0.12;;;;;;;;43.11;-0.23;;0.43;
SE_3_EX_H4;SE_3_H4;SE;SE_3;Seronera;SE;W;3;EX;H4;1027;-2.437991;34.855418;26.07.2017;25.09.2017;61;167.09;Dig.mac;4.4;12.2;20;65;;;5.5;13.4;25;60;;JB, MKA;12.5;18.42;34.89;5.22;4.93;53.18;5.19;5.00;1.16;;;;0.10;;;;1.65;;;;0.11;;;;;;;;88.07;1.28;1.23;2.68;2.94
SE_3_EX2_H4;SE_3_H4;SE;SE_3;Seronera;SE;W;3;EX2;H4;1027;-2.437991;34.855418;26.07.2017;25.09.2017;61;167.09;Dig.mac;2.5;9.2;22;35;;;2.25;7.2;18;35;Others <5 ;JB, MKA;10.12;29.83;18.62;5.17;4.73;19.16;5.14;5.07;1.51;;;;0.19;;;;1.79;;;;0.17;;;;;;;;37.78;0.54;0.49;0.39;0.65
SE_3_OP_H4;SE_3_H4;SE;SE_3;Seronera;SE;W;3;OP;H4;1027;-2.437991;34.855418;26.07.2017;25.09.2017;61;167.09;Dig.mac;3.5;1.4;7;25;;;3.5;3.2;10;27;;JB, MKA;6.81;29.12;7.86;4.81;3.05;15.66;5.03;4.70;1.19;;;;0.12;;;;1.30;;;;0.09;;;;;;;;23.52;0.05;;-0.26;
SE_4_EX_H4;SE_4_H4;SE;SE_4;Seronera;SE;W;4;EX;H4;1026;-2.438079;34.854989;26.07.2017;25.09.2017;61;167.09;Dig.mac;3.2;9.2;15;30;;;4;8.6;20;40;;JB, MKA;16.55;40.81;18.33;5.14;5.00;18.93;5.02;4.72;1.26;;;;0.15;;;;1.69;;;;0.13;;;;;;;;37.26;0.53;0.12;1.08;0.33
SE_4_EX2_H4;SE_4_H4;SE;SE_4;Seronera;SE;W;4;EX2;H4;1026;-2.438079;34.854989;26.07.2017;25.09.2017;61;167.09;Dig.mac;2.5;8.4;15;25;;;5.75;7.8;20;40;;JB, MKA;5.67;25.39;27.72;5.16;4.78;23.55;5.05;4.89;1.40;;;;0.19;;;;1.33;;;;0.12;;;;;;;;51.27;0.95;0.55;1.72;0.97
SE_4_OP_H4;SE_4_H4;SE;SE_4;Seronera;SE;W;4;OP;H4;1026;-2.438079;34.854989;26.07.2017;25.09.2017;61;167.09;Dig.mac;2.5;8.8;15;30;;;2.5;5.4;12;35;Others ~8% in total, <5 each;JB, MKA;6.8;13.57;15.60;5.04;5.08;14.35;5.09;4.56;1.72;;;;0.20;;;;1.65;;;;0.14;;;;;;;;29.95;0.40;;0.75;
WET_W_1_EX_H5;WET_W_1_H5;WET_W;WET_W_1;Handajega;WET;W;1;EX;H5;954;-2.272484;34.023326;01.10.2017;14.12.2017;74;428.22;The.tri;4.4;14.4;15;40;Hard to find The.tri outside of the tree canopies (Especially site 1). Next time - 50-60 m to NE? ;;5;63.2;18;60;;Richard, SWS;10.26;56.77;14.00;6.00;;41.45;;;1.09;;;;0.09;;;;;;;;;;;;;;;;55.45;0.20;0.30;0.37;0.99
WET_W_1_OP_H5;WET_W_1_H5;WET_W;WET_W_1;Handajega;WET;W;1;OP;H5;954;-2.272484;34.023326;01.10.2017;14.12.2017;74;428.22;The.tri;3.5;8.6;10;30;Dung from Thomson gazelle in plot;;4;55.2;20;65;One corner marker missing. Based on The.tri cover. No Panicum found! (Was found in setup);Richard, SWS;8.78;45.69;6.00;3.00;;23.00;8.00;;1.05;;;;0.18;;;;1.02;;;;0.18;;;;;;;;29.00;-0.10;;-0.63;
WET_W_2_EX_H5;WET_W_2_H5;WET_W;WET_W_2;Handajega;WET;W;2;EX;H5;953;-2.278300;34.024459;01.10.2017;14.12.2017;74;428.22;The.tri;2.7;3.6;15;30;;;3.5;30.2;15;55;;Richard, SWS;7.72;27.75;12.00;5.00;;9.00;3.00;;1.09;;;;0.31;;;;1.30;;;;0.32;;;;;;;;21.00;0.15;0.04;-0.33;-0.79
WET_W_2_OP_H5;WET_W_2_H5;WET_W;WET_W_2;Handajega;WET;W;2;OP;H5;953;-2.278300;34.024459;01.10.2017;14.12.2017;74;428.22;The.tri;3.5;11.8;30;60;Others <5;;5.3;43;30;95;;Richard, SWS;8.07;29.88;11.00;5.00;;31.00;7.00;;0.84;;;;0.22;;;;;;;;;;;;;;;;42.00;0.11;;0.45;
WET_W_3_EX_H5;WET_W_3_H5;WET_W;WET_W_3;Handajega;WET;W;3;EX;H5;951;-2.277999;34.027678;01.10.2017;14.12.2017;74;428.22;The.tri;7.7;21.4;10;55;;;10;55.2;20;85;;Richard, SWS;10.83;39.04;19.00;8.00;;27.00;8.00;;0.81;;;;0.15;;;;0.88;;;;0.18;;;;;;;;46.00;0.20;0.45;-1.97;1.28
WET_W_3_OP_H5;WET_W_3_H5;WET_W;WET_W_3;Handajega;WET;W;3;OP;H5;951;-2.277999;34.027678;01.10.2017;14.12.2017;74;428.22;The.tri;3.0;4.6;12;40;Others <5;;4;23;40;65;;Richard, SWS;13.75;98.39;7.00;4.00;;5.00;2.00;;0.95;;;;0.24;;;;2.45;;;;0.25;;;;;;;;12.00;-0.25;;-3.24;
WET_W_4_EX_H5;WET_W_4_H5;WET_W;WET_W_4;Handajega;WET;W;4;EX;H5;950;-2.278837;34.031884;01.10.2017;14.12.2017;74;428.22;The.tri;3.6;11.0;34;45;;;9.5;51.6;55;92;;Richard, SWS;51.26;58.63;21.00;5.00;;41.29;;;0.74;;;;0.17;;;;;;;;;;;;;;;;62.29;0.47;0.34;1.03;1.29
WET_W_4_OP_H5;WET_W_4_H5;WET_W;WET_W_4;Handajega;WET;W;4;OP;H5;950;-2.278837;34.031884;01.10.2017;14.12.2017;74;428.22;The.tri;3.8;8.4;22;27;Others <5;;5;49;50;55;;Richard, SWS;8.57;34.95;12.00;6.00;;16.00;7.00;;1.02;;;;0.17;;;;0.98;;;;0.18;;;;;;;;28.00;0.13;;-0.26;
WET_P_1_EX_H5;WET_P_1_H5;WET_P;WET_P_1;Mwantimba;WET;P;1;EX;H5;957;-2.350052;34.049976;30.09.2017;13.12.2017;74;512.07;Chr.ori;0.0;0.9;16;20;Others <5;;3;9.6;80;95;;Richard, SWS;22.77;23.96;12.00;4.00;;4.00;2.00;;1.65;;;;0.11;;;;1.36;;;;0.02;;;;;;;;16.00;-0.84;0.19;-0.73;0.30
WET_P_1_OP_H5;WET_P_1_H5;WET_P;WET_P_1;Mwantimba;WET;P;1;OP;H5;957;-2.350052;34.049976;30.09.2017;13.12.2017;74;512.07;Chr.ori;0.0;1.4;21;26;Others <5;;1;1.8;85;95;No markers. Based on distance + Chr ori cover;Richard, SWS;34.5;35.44;7.00;3.00;;1.00;1.00;;1.82;;;;0.03;;;;2.24;;;;0.17;;;;;;;;8.00;-1.03;;-1.03;
WET_P_2_EX_H5;WET_P_2_H5;WET_P;WET_P_2;Mwantimba;WET;P;2;EX;H5;959;-2.348488;34.050110;30.09.2017;13.12.2017;74;512.07;Chr.ori;0.0;1.2;8;12;Others <5;;4.5;20.2;65;92;;Richard, SWS;20.96;26.78;9.00;4.00;;11.00;5.00;;2.03;;;;0.12;;;;1.23;;;;0.09;;;;;;;;20.00;-0.33;0.11;0.04;0.45
WET_P_2_OP_H5;WET_P_2_H5;WET_P;WET_P_2;Mwantimba;WET;P;2;OP;H5;959;-2.348488;34.050110;30.09.2017;13.12.2017;74;512.07;Chr.ori;0.0;1.0;14;18;;;2.4;4.2;60;72;;Richard, SWS;17.9;19.01;6.00;3.00;;2.00;2.00;;2.24;;;;0.09;;;;2.03;;;;0.05;;;;;;;;8.00;-0.45;;-0.41;
WET_P_3_EX_H5;WET_P_3_H5;WET_P;WET_P_3;Mwantimba;WET;P;3;EX;H5;1022;-2.367293;34.062509;30.09.2017;13.12.2017;74;512.07;Chr.ori;1.0;1.3;44;55;Others <5;;2;4.8;85;97;;Richard, SWS;13.18;18.56;14.00;6.00;;7.00;4.00;;1.96;;;;0.33;;;;1.72;;;;0.04;;;;;;;;21.00;0.05;-0.03;0.23;0.15
WET_P_3_OP_H5;WET_P_3_H5;WET_P;WET_P_3;Mwantimba;WET;P;3;OP;H5;1022;-2.367293;34.062509;30.09.2017;13.12.2017;74;512.07;Chr.ori;1.5;1.8;25;45;Others <5;;2;2.4;68;75;Ind.volk and Kyllinga sp. <5 %;Richard, SWS;12.64;14.74;14.89;;;2.00;2.00;;;;;;;;;;2.07;;;;0.14;;;;;;;;16.89;0.08;;0.08;
WET_P_4_EX_H5;WET_P_4_H5;WET_P;WET_P_4;Mwantimba;WET;P;4;EX;H5;1020;-2.368570;34.062586;30.09.2017;13.12.2017;74;512.07;Chr.ori;1.0;1.2;18;26;Others <5;;3.5;27.1;55;85;;Richard, SWS;13.92;21.18;21.78;;;34.47;;;;;;;;;;;;;;;;;;;;;;;56.25;0.16;0.59;0.98;1.55
WET_P_4_OP_H5;WET_P_4_H5;WET_P;WET_P_4;Mwantimba;WET;P;4;OP;H5;1020;-2.368570;34.062586;30.09.2017;13.12.2017;74;512.07;Chr.ori;1.0;2.4;37;30;;;1.5;4.3;55;65;;Richard, SWS;17.63;30.06;6.00;3.00;;9.00;4.00;;2.17;;;;0.07;;;;2.10;;;;0.21;;;;;;;;15.00;-0.44;;-0.57;
DRY_W_1_EX_H5;DRY_W_1_H5;DRY_W;DRY_W_1;Maswa;DRY;W;1;EX;H5;995;-3.299332;34.848458;28.09.2017;11.12.2017;74;151.07;Cyn.dac;3.5;9.8;5;32;;;2.5;4.2;15;20;;Richard, SWS;2.28;9.65;7.70;;;22.00;8.00;;;;;;;;;;2.14;;;;0.26;;;;;;;;29.70;0.13;0.21;0.76;0.96
DRY_W_1_EX2_H5;DRY_W_1_H5;DRY_W;DRY_W_1;Maswa;DRY;W;1;EX2;H5;995;-3.299332;34.848458;28.09.2017;11.12.2017;74;151.07;Cyn.dac;2.5;2.2;9;12;Others <5;;3;10.3;15;60;;Richard, SWS;5.32;18.94;11.96;;;2.00;2.00;;0.23;;;;0.13;;;;3.26;;;;0.29;;;;;;;;13.96;0.29;0.37;0.17;0.37
DRY_W_1_OP_H5;DRY_W_1_H5;DRY_W;DRY_W_1;Maswa;DRY;W;1;OP;H5;995;-3.299332;34.848458;28.09.2017;11.12.2017;74;151.07;Cyn.dac;3.0;1.2;7;10;Others <5;;3.5;0.8;5;10;No markers. Based on distane + Cyn dac.;Richard, SWS;4.33;9.54;2.00;2.00;;2.00;2.00;;1.19;;;;0.08;;;;2.80;;;;0.22;;;;;;;;4.00;-0.09;;-0.21;
DRY_W_2_EX_H5;DRY_W_2_H5;DRY_W;DRY_W_2;Maswa;DRY;W;2;EX;H5;980;-3.303268;34.847796;28.09.2017;11.12.2017;74;151.07;Cyn.dac;1.6;4.4;10;23;;;2;4.2;20;28;;Richard, SWS;12.35;15.76;4.00;2.00;;16.87;;;1.75;;;;0.07;;;;;;;;;;;;;;;;20.87;0.06;0.08;0.61;0.60
DRY_W_2_EX2_H5;DRY_W_2_H5;DRY_W;DRY_W_2;Maswa;DRY;W;2;EX2;H5;980;-3.303268;34.847796;28.09.2017;11.12.2017;74;151.07;Cyn.dac;1.0;2.4;10;13;Others <5;;1.5;3.9;12;45;;Richard, SWS;3.87;7.92;5.00;2.00;;3.00;3.00;;2.21;;;;0.07;;;;3.22;;;;0.38;;;;;;;;8.00;0.09;0.11;0.13;0.11
DRY_W_2_OP_H5;DRY_W_2_H5;DRY_W;DRY_W_2;Maswa;DRY;W;2;OP;H5;980;-3.303268;34.847796;28.09.2017;11.12.2017;74;151.07;Cyn.dac;1.5;2.4;5;15;;;1;1.8;8;26;One corner missing. Based on Cyn dac cover;Richard, SWS;2.52;4.57;2.00;2.00;;3.00;3.00;;1.51;;;;0.20;;;;1.96;;;;0.15;;;;;;;;5.00;-0.02;;0.02;
DRY_W_3_EX_H5;DRY_W_3_H5;DRY_W;DRY_W_3;Maswa;DRY;W;3;EX;H5;998;-3.295645;34.852435;28.09.2017;11.12.2017;74;151.07;Cyn.dac;2.0;2.0;10;17;Others <5;;1;0.9;8;35;;Richard, SWS;5.11;10.57;10.48;;;4.00;4.00;;;;;;;;;;3.22;;;;0.18;;;;;;;;14.48;0.26;0.28;0.28;0.36
DRY_W_3_EX2_H5;DRY_W_3_H5;DRY_W;DRY_W_3;Maswa;DRY;W;3;EX2;H5;998;-3.295645;34.852435;28.09.2017;11.12.2017;74;151.07;Cyn.dac;1.0;1.6;1;7;Others <5;;2;2.5;10;35;;Richard, SWS;1.77;4.92;2.00;2.00;;6.00;3.00;;1.79;;;;0.16;;;;3.32;;;;0.34;;;;;;;;8.00;-0.06;-0.04;0.04;0.11
DRY_W_3_OP_H5;DRY_W_3_H5;DRY_W;DRY_W_3;Maswa;DRY;W;3;OP;H5;998;-3.295645;34.852435;28.09.2017;11.12.2017;74;151.07;Cyn.dac;1.8;1.4;10;10;;;2.5;1.9;5;10;One corner missing. Based on Cyn dac cover;Richard, SWS;3.6;6.89;3.00;3.00;;2.00;2.00;;1.75;;;;0.15;;;;4.16;;;;0.40;;;;;;;;5.00;-0.02;;-0.07;
DRY_W_4_EX_H5;DRY_W_4_H5;DRY_W;DRY_W_4;Maswa;DRY;W;4;EX;H5;1000;-3.296013;34.854327;28.09.2017;11.12.2017;74;214.85;Cyn.dac;1.3;2.4;10;10;;;1;5.1;15;20;;Richard, SWS;3.8;7.67;3.00;3.00;;8.00;3.20;;2.35;;;;0.08;;;;4.41;;;;0.24;;;;;;;;11.00;0.05;-0.15;0.18;0.08
DRY_W_4_EX2_H5;DRY_W_4_H5;DRY_W;DRY_W_4;Maswa;DRY;W;4;EX2;H5;1000;-3.296013;34.854327;28.09.2017;11.12.2017;74;214.85;Cyn.dac;1.8;3.4;8;12;;;1;5.2;20;45;;Richard, SWS;3.92;10.21;4.00;4.00;;1.31;;;1.65;;;;0.04;;;;;;;;;;;;;;;;5.31;0.09;-0.11;-0.04;-0.14
DRY_W_4_OP_H5;DRY_W_4_H5;DRY_W;DRY_W_4;Maswa;DRY;W;4;OP;H5;1000;-3.296013;34.854327;28.09.2017;11.12.2017;74;214.85;Cyn.dac;1.5;7.6;10;14;Others <5;;1.5;2.6;25;40;;Richard, SWS;1.72;6.33;7.00;3.00;;2.00;2.00;;2.28;;;;0.08;;;;3.68;;;;0.17;;;;;;;;9.00;0.20;;0.10;
DRY_P_1_EX_H5;DRY_P_1_H5;DRY_P;DRY_P_1;Makao;DRY;P;1;EX;H5;1009;-3.303212;34.847736;27.09.2017;10.12.2017;74;128.55;Chl.pyc;0.0;0.0;1;4;;;0.8;1.6;10;25;;Richard, SWS;0.18;2.37;1.00;1.00;;1.00;;;3.40;;;;0.20;;;;3.68;;;;0.31;;;;;;;;2.00;0.04;0.01;0.08;-0.34
DRY_P_1_OP_H5;DRY_P_1_H5;DRY_P;DRY_P_1;Makao;DRY;P;1;OP;H5;1009;-3.303212;34.847736;27.09.2017;10.12.2017;74;128.55;Chl.pyc;0.0;0.0;1;6;;;0;0.8;15;35;Missing pegs. Based on distance;Richard, SWS;0;0;0.85;;;10.11;;;;;;;;;;;;;;;;;;;;;;;10.96;0.03;;0.41;
DRY_P_2_EX_H5;DRY_P_2_H5;DRY_P;DRY_P_2;Makao;DRY;P;2;EX;H5;1006;-3.408426;34.850244;27.09.2017;10.12.2017;74;128.55;Chl.pyc;0.0;0.0;1;6;;;2.9;3.3;5;35;;Richard, SWS;0;0;1.00;1.00;;4.00;4.00;;2.38;;;;0.29;;;;3.64;;;;0.59;;;;;;;;5.00;0.04;0.00;0.19;0.11
DRY_P_2_OP_H5;DRY_P_2_H5;DRY_P;DRY_P_2;Makao;DRY;P;2;OP;H5;1006;-3.408426;34.850244;27.09.2017;10.12.2017;74;128.55;Chl.pyc;0.0;0.0;1;3;;;0;0.7;4;10;;Richard, SWS;0;0;1.00;1.00;;1.00;1.00;;1.51;;;;0.08;;;;2.03;;;;0.05;;;;;;;;2.00;0.04;;0.08;
DRY_P_3_EX_H5;DRY_P_3_H5;DRY_P;DRY_P_3;Makao;DRY;P;3;EX;H5;1001;-3.406316;34.850407;27.09.2017;10.12.2017;74;128.55;Chl.pyc;0.0;0.0;1;4;;;0.5;2.5;5;18;;Richard, SWS;0;0;1.00;1.00;;3.17;;;2.31;;;;0.25;;;;;;;;;;;;;;;;4.17;0.04;0.00;0.16;0.07
DRY_P_3_OP_H5;DRY_P_3_H5;DRY_P;DRY_P_3;Makao;DRY;P;3;OP;H5;1001;-3.406316;34.850407;27.09.2017;10.12.2017;74;128.55;Chl.pyc;0.0;0.0;1;3;;;0;1.74;7;20;Missing pegs. Based on distance;Richard, SWS;0;0;1.00;1.00;;1.21;;;2.38;;;;0.11;;;;;;;;;;;;;;;;2.21;0.04;;0.08;
DRY_P_4_EX_H5;DRY_P_4_H5;DRY_P;DRY_P_4;Makao;DRY;P;4;EX;H5;1003;-3.406853;34.851600;27.09.2017;10.12.2017;74;128.55;Chl.pyc;0.0;0.0;1;7;;;0.5;3.2;5;35;;Richard, SWS;0;0;1.00;1.00;;1.00;1.00;;2.59;;;;0.13;;;;2.77;;;;0.19;;;;;;;;2.00;0.04;0.00;0.08;0.00
DRY_P_4_OP_H5;DRY_P_4_H5;DRY_P;DRY_P_4;Makao;DRY;P;4;OP;H5;1003;-3.406853;34.851600;27.09.2017;10.12.2017;74;128.55;Chl.pyc;0.0;0.0;1;5;;;0.5;1.1;18;32;Missing pegs. Based on distance + Chl.pyc.;Richard, VLH, PJ;0;0;1.00;1.00;;1.00;1.00;;3.01;;;;0.01;;;;2.66;;;;0.20;;;;;;;;2.00;0.04;;0.08;
SE_1_EX_H5;SE_1_H5;SE;SE_1;Seronera;SE;W;1;EX;H5;1023;-2.437747;34.855162;25.09.2017;15.12.2017;81;265.08;Dig.mac;4.5;7.4;30;40;Others <5;;5;15;20;50;;Richard, VLH, PJ;30.41;61.24;19.00;4.00;;16.00;9.00;;1.54;;;;0.29;;;;1.65;;;;0.25;;;;;;;;35.00;-0.15;-0.24;-0.42;0.17
SE_1_EX2_H5;SE_1_H5;SE;SE_1;Seronera;SE;W;1;EX2;H5;1023;-2.437747;34.855162;25.09.2017;15.12.2017;81;265.08;Dig.mac;5.3;11.4;35;45;;;5;21.9;25;35;;Richard, VLH, PJ;23.55;78.72;11.00;5.00;;30.00;9.00;;1.33;;;;0.20;;;;1.37;;;;0.36;;;;;;;;41.00;-0.42;-0.51;-0.21;0.38
SE_1_OP_H5;SE_1_H5;SE;SE_1;Seronera;SE;W;1;OP;H5;1023;-2.437747;34.855162;25.09.2017;15.12.2017;81;265.08;Dig.mac;6.0;9.0;30;55;;;3.5;0.5;20;40;;Richard, VLH, PJ;23.3;47.11;26.00;8.00;;4.00;2.00;;1.51;;;;0.20;;;;2.14;;;;0.28;;;;;;;;30.00;0.09;;-0.59;
SE_2_EX_H5;SE_2_H5;SE;SE_2;Seronera;SE;W;2;EX;H5;1025;-2.437766;34.855394;25.09.2017;15.12.2017;81;265.08;Dig.mac;3.0;3.6;20;30;;;4;17.6;20;47;;Richard, VLH, PJ;10.67;82.75;10.00;4.00;;21.00;7.00;;1.44;;;;0.08;;;;1.33;;;;0.15;;;;;;;;31.00;-0.07;0.17;-0.42;0.41
SE_2_EX2_H5;SE_2_H5;SE;SE_2;Seronera;SE;W;2;EX2;H5;1025;-2.437766;34.855394;25.09.2017;15.12.2017;81;265.08;Dig.mac;3.5;8.2;12;40;Abundant in species richness, but most <5%;;6;31.2;7;62;;Richard, VLH, PJ;8.58;48.68;3.00;3.00;;34.00;11.00;;0.84;;;;0.20;;;;1.05;;;;0.92;;;;;;;;37.00;-0.31;-0.07;-0.21;0.62
SE_2_OP_H5;SE_2_H5;SE;SE_2;Seronera;SE;W;2;OP;H5;1025;-2.437766;34.855394;25.09.2017;15.12.2017;81;265.08;Dig.mac;1.8;6.0;17;30;Abundant in species richness (Pan.col, Era sp., The.tri, Chl.pyc, Cyperus sp., Chr.ori) but most <5%;;3;3.7;10;30;;Richard, VLH, PJ;12.14;43.11;5.00;2.80;;14.00;6.00;;1.05;;;;0.26;;;;1.05;;;;0.20;;;;;;;;19.00;-0.24;;-0.83;
SE_3_EX_H5;SE_3_H5;SE;SE_3;Seronera;SE;W;3;EX;H5;1027;-2.437991;34.855418;25.09.2017;15.12.2017;81;265.08;Dig.mac;2.0;4.8;10;25;Others <5;;3;15.8;15;45;Destroyed;Richard, VLH, PJ;34.89;88.07;21.80;;;12.00;5.00;;;;;;;;;;1.72;;;;0.25;;;;;;;;33.80;0.48;0.58;0.35;0.68
SE_3_EX2_H5;SE_3_H5;SE;SE_3;Seronera;SE;W;3;EX2;H5;1027;-2.437991;34.855418;25.09.2017;15.12.2017;81;265.08;Dig.mac;3.0;3.4;23;35;Others ~7% total;;4;29;20;30;;Richard, VLH, PJ;18.62;37.78;9.00;4.00;;15.00;8.00;;1.30;;;;0.07;;;;1.51;;;;0.24;;;;;;;;24.00;0.04;0.14;0.02;0.34
SE_3_OP_H5;SE_3_H5;SE;SE_3;Seronera;SE;W;3;OP;H5;1027;-2.437991;34.855418;25.09.2017;15.12.2017;81;265.08;Dig.mac;2.3;3.2;15;28;;;2;1.7;10;45;;Richard, VLH, PJ;7.86;23.52;5.00;2.30;;9.00;4.00;;1.23;;;;0.18;;;;1.82;;;;0.28;;;;;;;;14.00;-0.10;;-0.33;
SE_4_EX_H5;SE_4_H5;SE;SE_4;Seronera;SE;W;4;EX;H5;1026;-2.438079;34.854989;25.09.2017;15.12.2017;81;265.08;Dig.mac;2.8;4.3;20;40;Others <5;;5.5;20.6;30;50;;Richard, VLH, PJ;18.33;37.26;12.00;5.00;;17.00;9.00;;1.26;;;;0.17;;;;2.10;;;;0.15;;;;;;;;29.00;-0.12;-0.56;-0.03;-0.49
SE_4_EX2_H5;SE_4_H5;SE;SE_4;Seronera;SE;W;4;EX2;H5;1026;-2.438079;34.854989;25.09.2017;15.12.2017;81;265.08;Dig.mac;4.3;5.8;25;40;;;7;21.6;25;65;;Richard, VLH, PJ;27.72;51.27;15.00;6.00;;37.43;;;1.23;;;;0.20;;;;;;;;;;;;;;;;52.43;-0.02;-0.46;0.77;0.31
SE_4_OP_H5;SE_4_H5;SE;SE_4;Seronera;SE;W;4;OP;H5;1026;-2.438079;34.854989;25.09.2017;15.12.2017;81;265.08;Dig.mac;4.4;8.4;25;45;;;4.5;16.4;10;45;;Richard, VLH, PJ;15.6;29.95;28.39;;;15.00;6.00;;;;;;;;;;1.86;;;;0.08;;;;;;;;43.39;0.44;;0.46;
WET_W_1_EX_H6;WET_W_1_H6;WET_W;WET_W_1;Handajega;WET;W;1;EX;H6;954;-2.272484;34.023326;14.12.2017;10.03.2018;86;320.25;The.tri;2.5;40.4;20;75;;;3.5;26.5;35;60;;;14.00;55.45;39.22;4.26;;26.49;4.31;;0.42;;;;0.13;;;;;;;;;;;;;;;;65.71;1.07;-0.20;1.19;0.39
WET_W_1_OP_H6;WET_W_1_H6;WET_W;WET_W_1;Handajega;WET;W;1;OP;H6;954;-2.272484;34.023326;14.12.2017;10.03.2018;86;320.25;The.tri;4.0;44.4;10;60;;;3.5;16.25;35;50;;;6.00;29.00;45.35;3.78;;8.16;2.92;;0.44;;;;0.11;;;;0.59;;;;0.14;;;;;;;;53.51;1.27;;0.79;
WET_W_2_EX_H6;WET_W_2_H6;WET_W;WET_W_2;Handajega;WET;W;2;EX;H6;953;-2.278300;34.024459;14.12.2017;10.03.2018;86;320.25;The.tri;1.8;17.4;10;65;;;4;25.25;10;70;;;12.00;21.00;8.33;3.08;;92.14;3.4;;0.26;;;;0.14;;;;0.38;;;;0.10;;;;;;;;100.47;-0.09;-0.90;1.89;1.34
WET_W_2_OP_H6;WET_W_2_H6;WET_W;WET_W_2;Handajega;WET;W;2;OP;H6;953;-2.278300;34.024459;14.12.2017;10.03.2018;86;320.25;The.tri;3.0;26.0;25;85;;;4;7;25;60;;;11.00;42.00;36.10;4.32;;22.98;;;0.41;;;;0.11;;;;;;;;;;;;;;;;59.08;0.81;;0.55;
WET_W_3_EX_H6;WET_W_3_H6;WET_W;WET_W_3;Handajega;WET;W;3;EX;H6;951;-2.277999;34.027678;14.12.2017;10.03.2018;86;320.25;The.tri;5.5;48.0;50;78;;;2.5;4.5;20;30;Burnt;;19.00;46.00;5.78;1.50;;6.07;4.24;;;;;;;;;;;;;;;;;;;;;;11.85;-0.04;0.13;0.00;0.11
WET_W_3_OP_H6;WET_W_3_H6;WET_W;WET_W_3;Handajega;WET;W;3;OP;H6;951;-2.277999;34.027678;14.12.2017;10.03.2018;86;320.25;The.tri;5.0;59.6;58;90;;;3.5;4.25;30;40;Burnt;;7.00;12.00;1.86;7.45;;6.60;2.63;;;;;;;;;;;;;;;;;;;;;;8.46;-0.17;;-0.11;
WET_W_4_EX_H6;WET_W_4_H6;WET_W;WET_W_4;Handajega;WET;W;4;EX;H6;950;-2.278837;34.031884;14.12.2017;10.03.2018;86;320.25;The.tri;5.0;57.4;20;60;;;6;10.25;15;35;Burnt;;21.00;62.29;11.98;4.83;;17.45;9.69;;;;;;;;;;;;;;;;;;;;;;29.43;0.00;0.17;0.05;0.40
WET_W_4_OP_H6;WET_W_4_H6;WET_W;WET_W_4;Handajega;WET;W;4;OP;H6;950;-2.278837;34.031884;14.12.2017;10.03.2018;86;320.25;The.tri;3.5;73.8;50;65;;;2.5;3.25;25;35;Burnt;;12.00;28.00;6.58;8.53;;10.35;2.86;;;;;;;;;;;;;;;;;;;;;;16.93;-0.18;;-0.36;
WET_P_1_EX_H6;WET_P_1_H6;WET_P;WET_P_1;Mwantimba;WET;P;1;EX;H6;957;-2.350052;34.049976;13.12.2017;09.03.2018;86;297.55;Chr.ori;1.5;2.1;80;95;;;2.5;3.5;75;90;;;12.00;16.00;40.21;;;4.00;2.22;;;;;;;;;;;;;;;;;;;;;;44.21;1.07;0.74;1.17;0.85
WET_P_1_OP_H6;WET_P_1_H6;WET_P;WET_P_1;Mwantimba;WET;P;1;OP;H6;957;-2.350052;34.049976;13.12.2017;09.03.2018;86;297.55;Chr.ori;2.0;8.7;75;85;;;1.5;2.13;75;80;;;7.00;8.00;17.24;7.78;;0.70;0.31;;;;;;;;;;;;;;;;;;;;;;17.94;0.33;;0.32;
WET_P_2_EX_H6;WET_P_2_H6;WET_P;WET_P_2;Mwantimba;WET;P;2;EX;H6;959;-2.348488;34.050110;13.12.2017;09.03.2018;86;297.55;Chr.ori;2.4;6.8;90;95;;;5.5;16;67;95;;;9.00;20.00;53.40;;;21.38;3.71;;;;;;;;;;0.33;;;;0.14;;;;;;;;74.78;1.53;1.31;2.16;1.82
WET_P_2_OP_H6;WET_P_2_H6;WET_P;WET_P_2;Mwantimba;WET;P;2;OP;H6;959;-2.348488;34.050110;13.12.2017;09.03.2018;86;297.55;Chr.ori;2.0;5.6;65;80;;;2.5;3.63;50;75;;;6.00;8.00;12.95;5.94;;5.38;;;;;;;;;;;;;;;;;;;;;;;18.33;0.22;;0.33;
WET_P_3_EX_H6;WET_P_3_H6;WET_P;WET_P_3;Mwantimba;WET;P;3;EX;H6;1022;-2.367293;34.062509;13.12.2017;09.03.2018;86;297.55;Chr.ori;1.5;2.9;70;78;;;2;10;72;90;;;14.00;21.00;117.12;4.84;;11.51;2.11;;0.21;;;;0.08;;;;;;;;;;;;;;;;128.63;3.30;-0.17;3.61;-0.58
WET_P_3_OP_H6;WET_P_3_H6;WET_P;WET_P_3;Mwantimba;WET;P;3;OP;H6;1022;-2.367293;34.062509;13.12.2017;09.03.2018;86;297.55;Chr.ori;1.5;2.2;85;90;;;1.5;2.25;78;85;;;14.89;16.89;122.40;5.54;;24.23;1.03;;0.41;;;;0.10;;;;;;;;;;;;;;;;146.63;3.47;;4.19;
WET_P_4_EX_H6;WET_P_4_H6;WET_P;WET_P_4;Mwantimba;WET;P;4;EX;H6;1020;-2.368570;34.062586;13.12.2017;09.03.2018;86;297.55;Chr.ori;2.0;3.3;45;75;;;3.5;20.25;50;95;;;21.78;56.25;52.47;24.84;;47.87;5.86;;;;;;;;;;;;;;;;;;;;;;100.34;1.50;0.94;2.76;0.79
WET_P_4_OP_H6;WET_P_4_H6;WET_P;WET_P_4;Mwantimba;WET;P;4;OP;H6;1020;-2.368570;34.062586;13.12.2017;09.03.2018;86;297.55;Chr.ori;1.5;4.5;45;70;;;1.5;4.63;57;80;;;6.00;15.00;23.49;2.98;;52.37;32.00;;;;;;;;;;;;;;;;;;;;;;75.86;0.56;;1.97;
DRY_W_1_EX_H6;DRY_W_1_H6;DRY_W;DRY_W_1;Maswa;DRY;W;1;EX;H6;995;-3.299332;34.848458;11.12.2017;07.03.2018;86;426.87;Cyn.dac;2.5;3.3;18;30;;;2.5;11.25;13;50;Eup.ind? (2) Check with Richard;;7.70;29.70;6.53;2.71;;33.59;13.18;;0.33;;;;0.12;;;;;;;;;;;;;;;;40.12;0.15;0.20;1.17;1.17
DRY_W_1_EX2_H6;DRY_W_1_H6;DRY_W;DRY_W_1;Maswa;DRY;W;1;EX2;H6;995;-3.299332;34.848458;11.12.2017;07.03.2018;86;426.87;Cyn.dac;2.5;3.3;20;35;;;3.5;20.25;30;75;;;11.96;13.96;47.08;0.17;;44.50;;;0.67;;;;0.14;;;;0.46;;;;0.16;;;;;;;;91.58;1.46;1.51;2.83;2.83
DRY_W_1_OP_H6;DRY_W_1_H6;DRY_W;DRY_W_1;Maswa;DRY;W;1;OP;H6;995;-3.299332;34.848458;11.12.2017;07.03.2018;86;426.87;Cyn.dac;1.0;2.1;20;30;;;0.5;2;2;10;;;2.00;4.00;0.48;;;3.43;1.17;;;;;;;;;;;;;;;;;;;;;;3.91;-0.05;;0.00;
DRY_W_2_EX_H6;DRY_W_2_H6;DRY_W;DRY_W_2;Maswa;DRY;W;2;EX;H6;980;-3.303268;34.847796;11.12.2017;07.03.2018;86;426.87;Cyn.dac;1.0;2.7;15;30;;;1.5;11.75;20;48;;;4.00;20.87;16.99;15.27;;21.05;7.58;;;;;;;;;;;;;;;;;;;;;;38.04;0.48;0.35;1.07;0.92
DRY_W_2_EX2_H6;DRY_W_2_H6;DRY_W;DRY_W_2;Maswa;DRY;W;2;EX2;H6;980;-3.303268;34.847796;11.12.2017;07.03.2018;86;426.87;Cyn.dac;1.0;1.6;10;15;;;2;5.75;10;41;Damaged;;5.00;8.00;8.75;3.59;;28.29;18.57;;;;;;;;;;;;;;;;;;;;;;37.04;0.22;0.08;1.03;0.89
DRY_W_2_OP_H6;DRY_W_2_H6;DRY_W;DRY_W_2;Maswa;DRY;W;2;OP;H6;980;-3.303268;34.847796;11.12.2017;07.03.2018;86;426.87;Cyn.dac;1.5;2.3;15;30;;;1;2.25;8;20;;;2.00;5.00;6.24;2.77;;3.24;1.72;;;;;;;;;;;;;;;;;;;;;;9.48;0.14;;0.14;
DRY_W_3_EX_H6;DRY_W_3_H6;DRY_W;DRY_W_3;Maswa;DRY;W;3;EX;H6;998;-3.295645;34.852435;11.12.2017;07.03.2018;86;426.87;Cyn.dac;2.4;2.2;12;30;;;3;5;10;55;;;10.48;14.48;2.64;0.94;;11.69;3.43;;;;;;;;;;;;;;;;;;;;;;14.33;-0.01;-0.05;0.30;0.20
DRY_W_3_EX2_H6;DRY_W_3_H6;DRY_W;DRY_W_3;Maswa;DRY;W;3;EX2;H6;998;-3.295645;34.852435;11.12.2017;07.03.2018;86;426.87;Cyn.dac;2.5;2.1;6;30;;;2.5;4.13;25;55;;;2.00;8.00;12.70;5.45;;5.89;2.08;;;;;;;;;;;;;;;;;;;;;;18.59;0.31;0.28;0.44;0.34
DRY_W_3_OP_H6;DRY_W_3_H6;DRY_W;DRY_W_3;Maswa;DRY;W;3;OP;H6;998;-3.295645;34.852435;11.12.2017;07.03.2018;86;426.87;Cyn.dac;2.0;0.9;8;15;;;3;2;15;40;;;3.00;5.00;4.12;1.35;;3.97;1.16;;;;;;;;;;;;;;;;;;;;;;8.09;0.04;;0.10;
DRY_W_4_EX_H6;DRY_W_4_H6;DRY_W;DRY_W_4;Maswa;DRY;W;4;EX;H6;1000;-3.296013;34.854327;11.12.2017;07.03.2018;86;427.57;Cyn.dac;1.0;6.0;10;30;;;1.5;9.38;7;45;Broken;;3.00;11.00;6.64;2.24;;14.10;4.33;;;;;;;;;;;;;;;;;;;;;;20.74;-0.01;0.00;0.38;-0.25
DRY_W_4_EX2_H6;DRY_W_4_H6;DRY_W;DRY_W_4;Maswa;DRY;W;4;EX2;H6;1000;-3.296013;34.854327;11.12.2017;07.03.2018;86;427.57;Cyn.dac;;3.6;10;40;;;1.5;2.13;8;30;Damaged;;4.00;5.31;5.37;2.26;;11.15;4.37;;;;;;;;;;;;;;;;;;;;;;16.52;-0.05;-0.04;0.24;-0.39
DRY_W_4_OP_H6;DRY_W_4_H6;DRY_W;DRY_W_4;Maswa;DRY;W;4;OP;H6;1000;-3.296013;34.854327;11.12.2017;07.03.2018;86;427.57;Cyn.dac;1.5;1.5;18;40;;;2;3.13;15;35;;;7.00;9.00;6.53;2.97;;21.92;7.66;;;;;;;;;;;;;;;;;;;;;;28.45;-0.02;;0.63;
DRY_P_1_EX_H6;DRY_P_1_H6;DRY_P;DRY_P_1;Makao;DRY;P;1;EX;H6;1009;-3.303212;34.847736;10.12.2017;08.03.2018;88;470.80;Chl.pyc;1.5;2.6;20;50;Senecio abycinnia (no % written). Aca.tor seedling;;10.5;35.5;0;95;The target sp. cannot compete with other plants because of height. ;;1.00;2.00;0.00;;;93.20;4.20;;;;;;;;;;0.64;;;;0.14;;;;;;;;93.20;-0.03;-0.34;2.60;1.54
DRY_P_1_OP_H6;DRY_P_1_H6;DRY_P;DRY_P_1;Makao;DRY;P;1;OP;H6;1009;-3.303212;34.847736;10.12.2017;08.03.2018;88;470.80;Chl.pyc;0.6;2.0;15;35;;;2;3.88;15;50;;;0.85;10.96;10.71;4.15;;33.75;12.71;;;;;;;;;;0.25;;;;0.27;;;;;;;;44.46;0.31;;1.06;
DRY_P_2_EX_H6;DRY_P_2_H6;DRY_P;DRY_P_2;Makao;DRY;P;2;EX;H6;1006;-3.408426;34.850244;10.12.2017;08.03.2018;88;470.80;Chl.pyc;1.5;0.6;5;22;;;2.5;17.25;30;68;;;1.00;5.00;4.87;1.66;;43.79;3.73;;;;;;;;;;;;;;;;;;;;;;48.66;0.12;0.09;1.47;1.03
DRY_P_2_OP_H6;DRY_P_2_H6;DRY_P;DRY_P_2;Makao;DRY;P;2;OP;H6;1006;-3.408426;34.850244;10.12.2017;08.03.2018;88;470.80;Chl.pyc;0.1;0.4;5;25;;;1.5;1.25;5;30;;;1.00;2.00;2.11;0.82;;13.81;5.97;;;;;;;;;;;;;;;;;;;;;;15.92;0.04;;0.44;
DRY_P_3_EX_H6;DRY_P_3_H6;DRY_P;DRY_P_3;Makao;DRY;P;3;EX;H6;1001;-3.406316;34.850407;10.12.2017;08.03.2018;88;470.80;Chl.pyc;0.5;2.3;7;40;;;2;7.25;25;70;;;1.00;4.17;6.80;2.85;;32.01;16.11;;;;;;;;;;;;;;;;;;;;;;38.81;0.18;0.07;1.16;0.56
DRY_P_3_OP_H6;DRY_P_3_H6;DRY_P;DRY_P_3;Makao;DRY;P;3;OP;H6;1001;-3.406316;34.850407;10.12.2017;08.03.2018;88;470.80;Chl.pyc;1.0;2.4;5;28;;;1.5;4.5;30;70;;;1.00;2.21;4.54;1.83;;16.59;14.65;;;;;;;;;;;;;;;;;;;;;;21.13;0.11;;0.60;
DRY_P_4_EX_H6;DRY_P_4_H6;DRY_P;DRY_P_4;Makao;DRY;P;4;EX;H6;1003;-3.406853;34.851600;10.12.2017;08.03.2018;88;470.80;Chl.pyc;0.5;2.4;28;50;;;3;13.38;5;62;;;1.00;2.00;1.29;0.47;;56.42;5.82;;;;;;;;;;;;;;;;;;;;;;57.71;0.01;-0.05;1.76;0.63
DRY_P_4_OP_H6;DRY_P_4_H6;DRY_P;DRY_P_4;Makao;DRY;P;4;OP;H6;1003;-3.406853;34.851600;10.12.2017;08.03.2018;88;470.80;Chl.pyc;1.5;2.8;20;40;;;2;3.75;5;45;;;1.00;2.00;2.95;1.38;;34.73;3.1;;;;;;;;;;0.57;;;;0.14;;;;;;;;37.68;0.06;;1.13;
SE_1_EX_H6;SE_1_H6;SE;SE_1;Seronera;SE;W;1;EX;H6;1023;-2.437747;34.855162;15.12.2017;12.03.2018;87;327.09;Dig.mac;3.5;14.4;40;55;;;17;37;13;98;;;9.00;25.00;54.88;5.29;;55.86;5.37;;0.41;;;;0.15;;;;0.51;;;;0.14;;;;;;;;110.74;0.92;1.36;2.58;2.46
SE_1_EX2_H6;SE_1_H6;SE;SE_1;Seronera;SE;W;1;EX2;H6;1023;-2.437747;34.855162;15.12.2017;12.03.2018;87;327.09;Dig.mac;3.0;11.0;20;40;;;6.5;30.5;15;60;;;11.00;41.00;25.19;3.93;;71.45;4.07;;0.47;;;;0.16;;;;0.56;;;;0.15;;;;;;;;96.64;-0.03;0.42;2.13;2.01
SE_1_OP_H6;SE_1_H6;SE;SE_1;Seronera;SE;W;1;OP;H6;1023;-2.437747;34.855162;15.12.2017;12.03.2018;87;327.09;Dig.mac;4.0;17.4;25;50;;;4;18.75;10;50;;;26.00;30.00;12.19;2.54;;21.37;4.77;;0.49;;;;0.12;;;;0.37;;;;0.17;;;;;;;;33.56;-0.44;;0.11;
SE_2_EX_H6;SE_2_H6;SE;SE_2;Seronera;SE;W;2;EX;H6;1025;-2.437766;34.855394;15.12.2017;12.03.2018;87;327.09;Dig.mac;3.5;7.3;20;35;;;6;30.5;20;70;;;10.00;31.00;45.16;3.39;;73.91;4;;0.48;;;;0.15;;;;;;;;;;;;;;;;119.07;1.28;0.32;3.20;0.20
SE_2_EX2_H6;SE_2_H6;SE;SE_2;Seronera;SE;W;2;EX2;H6;1025;-2.437766;34.855394;15.12.2017;12.03.2018;87;327.09;Dig.mac;3.5;12.9;25;35;;;11;45.5;35;90;;;3.00;37.00;48.19;3.63;;79.73;5.54;;0.49;;;;0.09;;;;0.42;;;;0.10;;;;;;;;127.92;1.38;0.42;3.48;0.48
SE_2_OP_H6;SE_2_H6;SE;SE_2;Seronera;SE;W;2;OP;H6;1025;-2.437766;34.855394;15.12.2017;12.03.2018;87;327.09;Dig.mac;3.0;6.6;25;30;;;6;24.75;15;55;;;5.00;19.00;35.02;4.04;;77.80;3.53;;0.26;;;;0.13;;;;0.42;;;;0.13;;;;;;;;112.82;0.96;;3.00;
SE_3_EX_H6;SE_3_H6;SE;SE_3;Seronera;SE;W;3;EX;H6;1027;-2.437991;34.855418;15.12.2017;12.03.2018;87;327.09;Dig.mac;5.0;9.4;15;40;;;9;27.5;15;90;;;21.80;33.80;20.01;3.76;;104.25;3.83;;0.55;;;;0.11;;;;0.57;;;;0.14;;;;;;;;124.26;0.48;-0.33;3.52;2.28
SE_3_EX2_H6;SE_3_H6;SE;SE_3;Seronera;SE;W;3;EX2;H6;1027;-2.437991;34.855418;15.12.2017;12.03.2018;87;327.09;Dig.mac;3.5;8.3;15;25;;;4;18.5;15;50;Damaged;;9.00;24.00;25.40;2.82;;77.97;6.67;;0.43;;;;0.13;;;;0.30;;;;0.15;;;;;;;;103.37;0.65;-0.16;2.85;1.62
SE_3_OP_H6;SE_3_H6;SE;SE_3;Seronera;SE;W;3;OP;H6;1027;-2.437991;34.855418;15.12.2017;12.03.2018;87;327.09;Dig.mac;3.5;18.5;30;85;;;3.5;9.5;20;45;;;5.00;14.00;30.49;3.27;;22.29;3.69;;0.50;;;;0.13;;;;0.53;;;;0.20;;;;;;;;52.78;0.81;;1.24;
SE_4_EX_H6;SE_4_H6;SE;SE_4;Seronera;SE;W;4;EX;H6;1026;-2.438079;34.854989;15.12.2017;12.03.2018;87;327.09;Dig.mac;2.5;9.7;15;45;;;3.5;27.5;25;70;Damaged;;12.00;29.00;27.19;4.18;;38.36;4.23;;0.45;;;;0.24;;;;0.50;;;;0.13;;;;;;;;65.55;-0.04;-0.12;0.71;-1.78
SE_4_EX2_H6;SE_4_H6;SE;SE_4;Seronera;SE;W;4;EX2;H6;1026;-2.438079;34.854989;15.12.2017;12.03.2018;87;327.09;Dig.mac;3.0;25.6;25;70;;;8;46;8;98;;;15.00;52.43;9.36;1.54;;146.60;4.09;;0.36;;;;0.13;;;;0.45;;;;0.14;;;;;;;;155.96;-0.61;-0.69;3.59;1.10
SE_4_OP_H6;SE_4_H6;SE;SE_4;Seronera;SE;W;4;OP;H6;1026;-2.438079;34.854989;15.12.2017;12.03.2018;87;327.09;Dig.mac;4.5;16.4;40;80;;;10.5;18.25;35;80;;;28.39;43.39;31.03;2.92;;90.37;4.74;;0.42;;;;0.12;;;;0.38;;;;0.13;;;;;;;;121.40;0.08;;2.49;
WET_W_1_EX_H7;WET_W_1_H7;WET_W;WET_W_1;Handajega;WET;W;1;EX;H7;954;-2.272484;34.023326;10.03.2018;22.05.2018;73;;The.tri;4.0;7.5;35;70;;;14.5;101.2;35;100;;;39.22;65.71;29.64;12.79;;160.35;22.35;;;;;;;;;;;;;;;;;;;;;;189.99;-0.60;-0.55;5.19;2.63
WET_W_1_OP_H7 ;WET_W_1_H7;WET_W;WET_W_1;Handajega;WET;W;1;OP;H7;954;-2.272484;34.023326;10.03.2018;22.05.2018;73;;The.tri;1.5;7.8;30;65;;;7;81;40;90;Slightly grazed;;45.35;53.51;44.21;6.06;;76.70;43.65;;;;;;;;;;;;;;;;;;;;;;120.91;-0.04;;2.56;
WET_W_2_EX_H7;WET_W_2_H7;WET_W;WET_W_2;Handajega;WET;W;2;EX;H7;953;-2.278300;34.024459;10.03.2018;22.05.2018;73;;The.tri;3.0;24.3;35;80;;;14;93.8;40;97;;;8.33;100.47;94.16;40.60;;179.47;55.04;;;;;;;;;;;;;;;;;;;;;;273.63;2.21;1.01;8.16;2.40
WET_W_2_OP_H7;WET_W_2_H7;WET_W;WET_W_2;Handajega;WET;W;2;OP;H7;953;-2.278300;34.024459;10.03.2018;22.05.2018;73;;The.tri;4.0;7.0;35;70;;;11;76;20;93;;;36.1;59.08;67.58;28.59;;142.92;39.81;;;;;;;;;;;;;;;;;;;;;;210.50;1.20;;5.76;
WET_W_3_EX_H7;WET_W_3_H7;WET_W;WET_W_3;Handajega;WET;W;3;EX;H7;951;-2.277999;34.027678;10.03.2018;22.05.2018;73;;The.tri;2.5;4.5;30;45;Burnt;;13;63.4;0;90;;;5.78;11.85;0.00;;;182.20;43.12;;;;;;;;;;;;;;;;;;;;;;182.20;-0.07;-0.68;6.61;-0.06
WET_W_3_OP_H7;WET_W_3_H7;WET_W;WET_W_3;Handajega;WET;W;3;OP;H7;951;-2.277999;34.027678;10.03.2018;22.05.2018;73;;The.tri;5.0;3.0;30;36;Burnt;;14;81.2;5;85;;;1.86;8.46;17.99;14.30;;165.82;26.00;;;;;;;;;;;;;;;;;;;;;;183.81;0.61;;6.67;
WET_W_4_EX_H7;WET_W_4_H7;WET_W;WET_W_4;Handajega;WET;W;4;EX;H7;950;-2.278837;34.031884;10.03.2018;22.05.2018;73;;The.tri;3.5;4.5;30;45;Burnt;;16;80;10;90;;;11.98;29.43;21.45;15.66;;224.21;44.85;;;;;;;;;;;;;;;;;;;;;;245.66;0.57;-0.94;8.70;1.56
WET_W_4_OP_H7;WET_W_4_H7;WET_W;WET_W_4;Handajega;WET;W;4;OP;H7;950;-2.278837;34.031884;10.03.2018;22.05.2018;73;;The.tri;5.5;5.0;30;40;Burnt;;15;110.6;55;90;;;6.58;16.93;46.12;22.95;;158.48;31.76;;;;;;;;;;;;;;;;;;;;;;204.60;1.50;;7.14;
WET_P_1_EX_H7;WET_P_1_H7;WET_P;WET_P_1;Mwantimba;WET;P;1;EX;H7;957;-2.350052;34.049976;09.03.2018;21.05.2018;73;;Chr.ori;1.5;2.5;70;80;;;4.5;31.4;92;97;;AR, Richard, SWS;40.21;44.21;60.10;38.89;;9.74;8.91;;;;;;;;;;;;;;;;;;;;;;69.84;1.63;0.58;1.97;0.56
WET_P_1_OP_H7;WET_P_1_H7;WET_P;WET_P_1;Mwantimba;WET;P;1;OP;H7;957;-2.350052;34.049976;09.03.2018;21.05.2018;73;;Chr.ori;2.0;2.3;59;70;;;4.5;19;90;95;;AR, Richard, SWS;17.24;17.94;44.82;25.42;;10.22;9.52;;;;;;;;;;;;;;;;;;;;;;55.04;1.05;;1.41;
WET_P_2_EX_H7;WET_P_2_H7;WET_P;WET_P_2;Mwantimba;WET;P;2;EX;H7;959;-2.348488;34.050110;09.03.2018;21.05.2018;73;;Chr.ori;2.0;3.5;43;65;;;5;66.6;76;96;No grazing;AR, Richard, SWS;53.4;74.78;55.98;23.38;;27.22;17.74;;;;;;;;;;;;;;;;;;;;;;83.20;1.64;-0.37;2.47;-0.08
WET_P_2_OP_H7;WET_P_2_H7;WET_P;WET_P_2;Mwantimba;WET;P;2;OP;H7;959;-2.348488;34.050110;09.03.2018;21.05.2018;73;;Chr.ori;2.5;5.0;50;70;;;5;45.3;80;95;No grazing;AR, Richard, SWS;12.95;18.33;65.63;39.07;;19.78;14.72;;;;;;;;;;;;;;;;;;;;;;85.41;2.00;;2.55;
WET_P_3_EX_H7;WET_P_3_H7;WET_P;WET_P_3;Mwantimba;WET;P;3;EX;H7;1022;-2.367293;34.062509;09.03.2018;21.05.2018;73;;Chr.ori;1.5;2.3;82;90;;;9;60.6;23;98;No grazing;AR, Richard, SWS;117.12;128.63;9.54;8.81;;137.21;41.70;;;;;;;;;;;;;;;;;;;;;;146.75;-4.29;0.36;0.00;3.50
WET_P_3_OP_H7;WET_P_3_H7;WET_P;WET_P_3;Mwantimba;WET;P;3;OP;H7;1022;-2.367293;34.062509;09.03.2018;21.05.2018;73;;Chr.ori;1.5;1.3;75;85;;;4.5;40;0;85;No grazing;AR, Richard, SWS;122.4;146.63;0.00;;;54.90;;;;;;;;;;;;;;;;;;;;;;;54.90;-4.66;;-3.49;
WET_P_4_EX_H7;WET_P_4_H7;WET_P;WET_P_4;Mwantimba;WET;P;4;EX;H7;1020;-2.368570;34.062586;09.03.2018;21.05.2018;73;;Chr.ori;1.5;3.0;75;85;;;11;61.4;0;98;No grazing;AR, Richard, SWS;52.47;100.34;0.00;;;122.50;28.89;;;;;;;;;;;;;;;;;;;;;;122.50;-0.89;0.00;1.77;2.99
WET_P_4_OP_H7;WET_P_4_H7;WET_P;WET_P_4;Mwantimba;WET;P;4;OP;H7;1020;-2.368570;34.062586;09.03.2018;21.05.2018;73;;Chr.ori;2.0;4.1;52;80;;;5.5;44.4;0;95;No grazing;AR, Richard, SWS;23.49;75.86;0.00;;;43.83;30.38;;;;;;;;;;;;;;;;;;;;;;43.83;-0.89;;-1.22;
DRY_W_1_EX_H7;DRY_W_1_H7;DRY_W;DRY_W_1;Maswa;DRY;W;1;EX;H7;995;-3.299332;34.848458;07.03.2018;25.05.2018;79;;Cyn.dac;1.5;3.1;7;25;;;4;55;25;69;;AR;6.53;40.12;32.09;22.34;;30.64;7.62;;;;;;;;;;;;;;;;;;;;;;62.73;1.11;0.76;2.07;-1.31
DRY_W_1_EX2_H7;DRY_W_1_H7;DRY_W;DRY_W_1;Maswa;DRY;W;1;EX2;H7;995;-3.299332;34.848458;07.03.2018;25.05.2018;79;;Cyn.dac;2.5;3.0;10;35;;;13.5;57.6;10;70;;AR;47.08;91.58;23.20;15.41;;110.20;23.64;;;;;;;;;;;;;;;;;;;;;;133.40;0.80;0.44;4.55;1.17
DRY_W_1_OP_H7;DRY_W_1_H7;DRY_W;DRY_W_1;Maswa;DRY;W;1;OP;H7;995;-3.299332;34.848458;07.03.2018;25.05.2018;79;;Cyn.dac;1.5;2.5;5;15;;;9;43.4;7;57;;AR;0.48;3.91;10.61;10.44;;89.43;36.63;;;;;;;;;;;;;;;;;;;;;;100.04;0.36;;3.38;
DRY_W_2_EX_H7;DRY_W_2_H7;DRY_W;DRY_W_2;Maswa;DRY;W;2;EX;H7;980;-3.303268;34.847796;07.03.2018;25.05.2018;79;;Cyn.dac;2.0;1.0;10;25;;;10.5;44.4;25;75;;AR;16.99;38.04;37.49;19.84;;46.66;9.10;;;;;;;;;;;;;;;;;;;;;;84.15;1.10;-0.10;2.63;0.80
DRY_W_2_EX2_H7;DRY_W_2_H7;DRY_W;DRY_W_2;Maswa;DRY;W;2;EX2;H7;980;-3.303268;34.847796;07.03.2018;25.05.2018;79;;Cyn.dac;1.0;2.0;8;16;;;4;31.6;45;79;;AR;8.75;37.04;52.13;25.36;;37.70;24.13;;;;;;;;;;;;;;;;;;;;;;89.83;1.61;0.42;2.83;0.99
DRY_W_2_OP_H7;DRY_W_2_H7;DRY_W;DRY_W_2;Maswa;DRY;W;2;OP;H7;980;-3.303268;34.847796;07.03.2018;25.05.2018;79;;Cyn.dac;1.5;0.6;12;20;;;3;16.7;45;77;;AR;6.24;9.48;40.20;24.72;;21.34;12.88;;;;;;;;;;;;;;;;;;;;;;61.54;1.19;;1.83;
DRY_W_3_EX_H7;DRY_W_3_H7;DRY_W;DRY_W_3;Maswa;DRY;W;3;EX;H7;998;-3.295645;34.852435;07.03.2018;25.05.2018;79;;Cyn.dac;1.0;1.3;10;20;;;2;7.6;5;28;Exclosure broken by animals?;AR;2.64;14.33;10.22;9.10;;18.34;13.08;;;;;;;;;;;;;;;;;;;;;;28.56;0.21;-0.18;0.72;-1.52
DRY_W_3_EX2_H7;DRY_W_3_H7;DRY_W;DRY_W_3;Maswa;DRY;W;3;EX2;H7;998;-3.295645;34.852435;07.03.2018;25.05.2018;79;;Cyn.dac;2.0;2.8;10;30;;;4.5;54.6;10;55;;AR;12.7;18.59;24.59;17.02;;73.20;18.05;;;;;;;;;;;;;;;;;;;;;;97.79;0.72;0.32;3.15;0.91
DRY_W_3_OP_H7;DRY_W_3_H7;DRY_W;DRY_W_3;Maswa;DRY;W;3;OP;H7;998;-3.295645;34.852435;07.03.2018;25.05.2018;79;;Cyn.dac;1.2;1.9;10;30;;;6;33.4;15;35;;AR;4.12;8.09;15.38;12.08;;56.54;30.42;;;;;;;;;;;;;;;;;;;;;;71.92;0.40;;2.24;
DRY_W_4_EX_H7;DRY_W_4_H7;DRY_W;DRY_W_4;Maswa;DRY;W;4;EX;H7;1000;-3.296013;34.854327;07.03.2018;25.05.2018;79;;Cyn.dac;0.5;1.8;10;30;;;2;32;20;66;;AR;6.64;20.74;31.15;28.88;;30.90;13.35;;;;;;;;;;;;;;;;;;;;;;62.05;0.87;0.62;1.18;0.50
DRY_W_4_EX2_H7;DRY_W_4_H7;DRY_W;DRY_W_4;Maswa;DRY;W;4;EX2;H7;1000;-3.296013;34.854327;07.03.2018;25.05.2018;79;;Cyn.dac;1.5;2.0;5;35;;;3;55.2;15;67;;AR;5.37;16.52;16.49;12.89;;60.15;19.88;;;;;;;;;;;;;;;;;;;;;;76.64;0.35;0.10;1.69;1.01
DRY_W_4_OP_H7;DRY_W_4_H7;DRY_W;DRY_W_4;Maswa;DRY;W;4;OP;H7;1000;-3.296013;34.854327;07.03.2018;25.05.2018;79;;Cyn.dac;1.5;2.4;10;45;;;2;22;10;41;;AR;6.53;28.45;13.55;10.75;;34.28;34.28;;;;;;;;;;;;;;;;;;;;;;47.83;0.25;;0.68;
DRY_P_1_EX_H7;DRY_P_1_H7;DRY_P;DRY_P_1;Makao;DRY;P;1;EX;H7;1009;-3.303212;34.847736;08.03.2018;24.05.2018;77;;Chl.pyc;4.0;9.3;10;60;;;2;54.2;70;90;Open areas;AR;;93.2;41.13;;;49.11;23.98;;;;;;;;;;;;;;;;;;;;;;90.24;1.10;0.95;1.65;1.96
DRY_P_1_OP_H7;DRY_P_1_H7;DRY_P;DRY_P_1;Makao;DRY;P;1;OP;H7;1009;-3.303212;34.847736;08.03.2018;24.05.2018;77;;Chl.pyc;2.5;5.8;25;70;;;3;17.2;30;50;;AR;10.71;44.46;14.79;11.51;;21.21;14.98;;;;;;;;;;;;;;;;;;;;;;36.00;0.15;;-0.31;
DRY_P_2_EX_H7;DRY_P_2_H7;DRY_P;DRY_P_2;Makao;DRY;P;2;EX;H7;1006;-3.408426;34.850244;08.03.2018;24.05.2018;77;;Chl.pyc;3.0;4.6;25;50;;;4.5;24.4;60;90;;AR;4.87;48.66;36.33;;;40.53;27.78;;;;;;;;;;;;;;;;;;;;;;76.86;1.23;0.33;2.20;1.31
DRY_P_2_OP_H7;DRY_P_2_H7;DRY_P;DRY_P_2;Makao;DRY;P;2;OP;H7;1006;-3.408426;34.850244;08.03.2018;24.05.2018;77;;Chl.pyc;2.0;7.3;10;38;;;1.5;10.6;40;55;;AR;2.11;15.92;27.06;18.19;;13.59;12.11;;;;;;;;;;;;;;;;;;;;;;40.65;0.90;;0.89;
DRY_P_3_EX_H7;DRY_P_3_H7;DRY_P;DRY_P_3;Makao;DRY;P;3;EX;H7;1001;-3.406316;34.850407;08.03.2018;24.05.2018;77;;Chl.pyc;2.0;3.5;20;55;;;5.5;58.4;60;90;;AR;6.8;38.81;23.33;15.36;;66.71;22.21;;;;;;;;;;;;;;;;;;;;;;90.04;0.68;0.05;2.49;0.40
DRY_P_3_OP_H7;DRY_P_3_H7;DRY_P;DRY_P_3;Makao;DRY;P;3;OP;H7;1001;-3.406316;34.850407;08.03.2018;24.05.2018;77;;Chl.pyc;1.0;3.6;15;45;;;9.5;55.6;45;98;;AR;4.54;21.13;21.90;13.47;;57.18;18.17;;;;;;;;;;;;;;;;;;;;;;79.08;0.63;;2.09;
DRY_P_4_EX_H7;DRY_P_4_H7;DRY_P;DRY_P_4;Makao;DRY;P;4;EX;H7;1003;-3.406853;34.851600;08.03.2018;24.05.2018;77;;Chl.pyc;2.5;3.8;15;70;;;7;57.6;70;98;;AR;1.29;57.71;65.92;30.67;;29.07;18.00;;;;;;;;;;;;;;;;;;;;;;94.99;2.27;1.74;2.07;1.27
DRY_P_4_OP_H7;DRY_P_4_H7;DRY_P;DRY_P_4;Makao;DRY;P;4;OP;H7;1003;-3.406853;34.851600;08.03.2018;24.05.2018;77;;Chl.pyc;3.5;6.0;10;70;;;3.5;29.8;45;85;;AR;2.95;37.68;17.65;13.31;;42.05;22.66;;;;;;;;;;;;;;;;;;;;;;59.70;0.53;;0.79;
SE_1_EX_H7;SE_1_H7;SE;SE_1;Seronera;SE;W;1;EX;H7;1023;-2.437747;34.855162;12.03.2018;19.05.2018;68;;Dig.mac;5.5;11.7;20;40;;;11;49;0;68;;Richard, SWS;54.88;110.74;0.00;;;98.82;47.83;;;;;;;;;;;;;;;;;;;;;;98.82;-0.50;-1.38;2.67;-3.10
SE_1_EX2_H7;SE_1_H7;SE;SE_1;Seronera;SE;W;1;EX2;H7;1023;-2.437747;34.855162;12.03.2018;19.05.2018;68;;Dig.mac;3.5;8.5;15;35;;;8;33.4;25;50;;Richard, SWS;25.19;96.64;36.20;23.21;;36.69;21.67;;;;;;;;;;;;;;;;;;;;;;72.89;0.98;0.10;1.61;-4.16
SE_1_OP_H7;SE_1_H7;SE;SE_1;Seronera;SE;W;1;OP;H7;1023;-2.437747;34.855162;12.03.2018;19.05.2018;68;;Dig.mac;6.0;19.3;25;50;;;13;63.8;15;88;;Richard, SWS;12.19;33.56;33.70;20.84;;141.00;;;;;;;;;;;;;;;;;;;;;;;174.70;0.88;;5.77;
SE_2_EX_H7;SE_2_H7;SE;SE_2;Seronera;SE;W;2;EX;H7;1025;-2.437766;34.855394;12.03.2018;19.05.2018;68;;Dig.mac;3.0;12.8;15;45;;;6.5;55;5;78;;Richard, SWS;45.16;119.07;6.44;3.74;;88.30;46.20;;;;;;;;;;;;;;;;;;;;;;94.74;-1.17;0.15;-0.74;-1.69
SE_2_EX2_H7;SE_2_H7;SE;SE_2;Seronera;SE;W;2;EX2;H7;1025;-2.437766;34.855394;12.03.2018;19.05.2018;68;;Dig.mac;3.5;11.5;10;63;;;9;55.6;0;85;;Richard, SWS;48.19;127.92;0.00;;;;;;;;;;;;;;;;;;;;;;;;;;0.00;-1.43;-0.12;-4.61;-5.56
SE_2_OP_H7;SE_2_H7;SE;SE_2;Seronera;SE;W;2;OP;H7;1025;-2.437766;34.855394;12.03.2018;19.05.2018;68;;Dig.mac;4.0;29.8;10;70;;;6.5;66.6;5;95;;Richard, SWS;35.02;112.82;2.86;1.96;;133.33;;;;;;;;;;;;;;;;;;;;;;;136.19;-1.31;;0.95;
SE_3_EX_H7;SE_3_H7;SE;SE_3;Seronera;SE;W;3;EX;H7;1027;-2.437991;34.855418;12.03.2018;19.05.2018;68;;Dig.mac;3.5;9.1;20;63;;;5;30.8;15;72;;Richard, SWS;20.01;124.26;18.74;14.22;;55.22;36.60;;;;;;;;;;;;;;;;;;;;;;73.96;-0.48;0.00;0.87;1.05
SE_3_EX2_H7;SE_3_H7;SE;SE_3;Seronera;SE;W;3;EX2;H7;1027;-2.437991;34.855418;12.03.2018;19.05.2018;68;;Dig.mac;5.0;8.8;15;45;;;9;53.4;20;70;;Richard, SWS;25.4;103.37;18.89;7.92;;64.00;17.92;;;;;;;;;;;;;;;;;;;;;;82.89;-0.47;0.01;1.23;1.41
SE_3_OP_H7;SE_3_H7;SE;SE_3;Seronera;SE;W;3;OP;H7;1027;-2.437991;34.855418;12.03.2018;19.05.2018;68;;Dig.mac;3.0;6.3;15;55;;;4.5;20;20;52;;Richard, SWS;30.49;52.78;18.76;10.34;;29.55;12.71;;;;;;;;;;;;;;;;;;;;;;48.31;-0.48;;-0.18;
SE_4_EX_H7;SE_4_H7;SE;SE_4;Seronera;SE;W;4;EX;H7;1026;-2.438079;34.854989;12.03.2018;19.05.2018;68;;Dig.mac;5.0;17.3;20;53;;;8.5;41.4;30;70;Harvested 20.5.2018;Richard, SWS;27.19;65.55;43.82;27.34;;54.62;28.40;;;;;;;;;;;;;;;;;;;;;;98.44;0.52;1.79;-0.94;0.20
SE_4_EX2_H7;SE_4_H7;SE;SE_4;Seronera;SE;W;4;EX2;H7;1026;-2.438079;34.854989;12.03.2018;19.05.2018;68;;Dig.mac;8.0;46.0;25;75;;;8.5;34;30;70;Harvested 20.5.2018;Richard, SWS;9.36;155.96;45.08;25.35;;74.84;11.72;;;;;;;;;;;;;;;;;;;;;;119.92;0.57;1.84;-0.06;1.07
SE_4_OP_H7;SE_4_H7;SE;SE_4;Seronera;SE;W;4;OP;H7;1026;-2.438079;34.854989;12.03.2018;19.05.2018;68;;Dig.mac;3.5;11.8;25;50;;;10;49.2;0;55;Harvested 20.5.2018;Richard, SWS;31.03;121.4;0.00;;;93.64;24.55;;;;;;;;;;;;;;;;;;;;;;93.64;-1.27;;-1.13;
;;;;;;;;;;;;;;;;;;;;;;;;;;;;;;;;;;;;;;1.56;1.21;;;0.16;0.25;;1.70;1.80;1.39;;;0.18;0.25;;1.13;;;;;;;;;
