plot.id,block.id.harvest,site.id,block.id,site.name,region,landuse,block,treatment,harvest,wp,lat,long,setup.date,harvest.date,growth.period,rain.sum,target.sp.,pasture.disc.harvest,height.harvest,spo_pyr,mic_kun,sol_inc,the_tri,chr_ori,chl_pyc,het_con,spo_fes,dic_cin,dig_sp,dig_mac,bot_ins,ind_vol,ble_sp,cyp_sp,spo_ioc,pan_col,ind_sp,pen_mez,tri_ter,tra_bet,gut_cor,bra_sp,eup_ind,cyn_dac,sid_ova,jus_mat,ind_hoc,dac_aeg,era_rac,era_ten,oxy_sin,leu_sp,bid_sp,dys_rad,sph_sp,com_ben,spo_afr,bra_sem,dys_sp,chl_gay,kyl_sp,cro_spi,bra_bri,tra_ber,arc_sp,ari_ken,dic_rad,spo_sp,gut_pet,era_sp,pan_max,spo_fim,cyn_ple,aca_rob,lon_sp,kyl_ner,eup_hir,dic_mon,kyl_alb,rue_pat,old_sp,spo_sta,ipo_sp,mon_sp,het_ste,sen_aby,cyn_sp,hel_ste,son_sp,gut_sp,dac_gig,mar_sp,cra_pla,tep_pum,hyp_dis,bot_scr,oci_sua,eup_ina,ach_asp,her_sp,dig_vel ,cya_sp,com_tru,bid_sch,mar_amo,sed_ort,target.sp.cover.harvest,sum.sp.harvest,total.veg.cover.harvest
WET_W_1_H0,WET_W_1_H1,WET_W,WET_W_1,Handajega,WET,W,1,H0,H0,954,-2.272484,34.023326,2/16/2017,,,,The.tri,,,,,,,,,,,,,,,,,,,,,,,,,,,,,,,,,,,,,,,,,,,,,,,,,,,,,,,,,,,,,,,,,,,,,,,,,,,,,,,,,,,,,,,,,,,,
WET_W_2_H0,WET_W_2_H1,WET_W,WET_W_2,Handajega,WET,W,2,H0,H0,953,-2.2783,34.024459,2/16/2017,,,,The.tri,,,,,,,,,,,,,,,,,,,,,,,,,,,,,,,,,,,,,,,,,,,,,,,,,,,,,,,,,,,,,,,,,,,,,,,,,,,,,,,,,,,,,,,,,,,,
WET_W_3_H0,WET_W_3_H1,WET_W,WET_W_3,Handajega,WET,W,3,H0,H0,951,-2.277999,34.027678,2/16/2017,,,,The.tri,,,,,,,,,,,,,,,,,,,,,,,,,,,,,,,,,,,,,,,,,,,,,,,,,,,,,,,,,,,,,,,,,,,,,,,,,,,,,,,,,,,,,,,,,,,,
WET_W_4_H0,WET_W_4_H1,WET_W,WET_W_4,Handajega,WET,W,4,H0,H0,950,-2.278837,34.031884,2/16/2017,,,,The.tri,,,,,,,,,,,,,,,,,,,,,,,,,,,,,,,,,,,,,,,,,,,,,,,,,,,,,,,,,,,,,,,,,,,,,,,,,,,,,,,,,,,,,,,,,,,,
WET_P_1_H0,WET_P_1_H1,WET_P,WET_P_1,Mwantimba,WET,P,1,H0,H0,957,-2.350052,34.049976,2/17/2017,,,,Chr.ori,,,,,,,,,,,,,,,,,,,,,,,,,,,,,,,,,,,,,,,,,,,,,,,,,,,,,,,,,,,,,,,,,,,,,,,,,,,,,,,,,,,,,,,,,,,,
WET_P_2_H0,WET_P_2_H1,WET_P,WET_P_2,Mwantimba,WET,P,2,H0,H0,959,-2.348488,34.05011,2/17/2017,,,,Chr.ori,,,,,,,,,,,,,,,,,,,,,,,,,,,,,,,,,,,,,,,,,,,,,,,,,,,,,,,,,,,,,,,,,,,,,,,,,,,,,,,,,,,,,,,,,,,,
WET_P_3_H0,WET_P_3_H1,WET_P,WET_P_3,Mwantimba,WET,P,3,H0,H0,1022,-2.367293,34.062509,2/17/2017,,,,Chr.ori,,,,,,,,,,,,,,,,,,,,,,,,,,,,,,,,,,,,,,,,,,,,,,,,,,,,,,,,,,,,,,,,,,,,,,,,,,,,,,,,,,,,,,,,,,,,
WET_P_4_H0,WET_P_4_H1,WET_P,WET_P_4,Mwantimba,WET,P,4,H0,H0,1020,-2.36857,34.062586,2/23/2017,,,,Chr.ori,,,,,,,,,,,,,,,,,,,,,,,,,,,,,,,,,,,,,,,,,,,,,,,,,,,,,,,,,,,,,,,,,,,,,,,,,,,,,,,,,,,,,,,,,,,,
DRY_W_1_H0,DRY_W_1_H1,DRY_W,DRY_W_1,Maswa,DRY,W,1,H0,H0,995,-3.299332,34.848458,2/19/2017,,,,Cyn.dac,,,,,,,,,,,,,,,,,,,,,,,,,,,,,,,,,,,,,,,,,,,,,,,,,,,,,,,,,,,,,,,,,,,,,,,,,,,,,,,,,,,,,,,,,,,,
DRY_W_2_H0,DRY_W_2_H1,DRY_W,DRY_W_2,Maswa,DRY,W,2,H0,H0,980,-3.303268,34.847796,2/19/2017,,,,Cyn.dac,,,,,,,,,,,,,,,,,,,,,,,,,,,,,,,,,,,,,,,,,,,,,,,,,,,,,,,,,,,,,,,,,,,,,,,,,,,,,,,,,,,,,,,,,,,,
DRY_W_3_H0,DRY_W_3_H1,DRY_W,DRY_W_3,Maswa,DRY,W,3,H0,H0,998,-3.295645,34.852435,2/20/2017,,,,Cyn.dac,,,,,,,,,,,,,,,,,,,,,,,,,,,,,,,,,,,,,,,,,,,,,,,,,,,,,,,,,,,,,,,,,,,,,,,,,,,,,,,,,,,,,,,,,,,,
DRY_W_4_H0,DRY_W_4_H1,DRY_W,DRY_W_4,Maswa,DRY,W,4,H0,H0,1000,-3.296013,34.854327,2/20/2017,,,,Cyn.dac,,,,,,,,,,,,,,,,,,,,,,,,,,,,,,,,,,,,,,,,,,,,,,,,,,,,,,,,,,,,,,,,,,,,,,,,,,,,,,,,,,,,,,,,,,,,
DRY_P_1_H0,DRY_P_1_H1,DRY_P,DRY_P_1,Makao,DRY,P,1,H0,H0,1009,-3.303212,34.847736,2/21/2017,,,,Chl.pyc,,,,,,,,,,,,,,,,,,,,,,,,,,,,,,,,,,,,,,,,,,,,,,,,,,,,,,,,,,,,,,,,,,,,,,,,,,,,,,,,,,,,,,,,,,,,
DRY_P_2_H0,DRY_P_2_H1,DRY_P,DRY_P_2,Makao,DRY,P,2,H0,H0,1006,-3.408426,34.850244,2/21/2017,,,,Chl.pyc,,,,,,,,,,,,,,,,,,,,,,,,,,,,,,,,,,,,,,,,,,,,,,,,,,,,,,,,,,,,,,,,,,,,,,,,,,,,,,,,,,,,,,,,,,,,
DRY_P_3_H0,DRY_P_3_H1,DRY_P,DRY_P_3,Makao,DRY,P,3,H0,H0,1001,-3.406316,34.850407,2/20/2017,,,,Chl.pyc,,,,,,,,,,,,,,,,,,,,,,,,,,,,,,,,,,,,,,,,,,,,,,,,,,,,,,,,,,,,,,,,,,,,,,,,,,,,,,,,,,,,,,,,,,,,
DRY_P_4_H0,DRY_P_4_H1,DRY_P,DRY_P_4,Makao,DRY,P,4,H0,H0,1003,-3.406853,34.8516,2/20/2017,,,,Chl.pyc,,,,,,,,,,,,,,,,,,,,,,,,,,,,,,,,,,,,,,,,,,,,,,,,,,,,,,,,,,,,,,,,,,,,,,,,,,,,,,,,,,,,,,,,,,,,
SE_1_H0,SE_1_H1,SE_1_,SE_1,Seronera,SE,W,1,H0,H0,1023,-2.437747,34.855162,2/26/2017,,,,Dig.mac,,,,,,,,,,,,,,,,,,,,,,,,,,,,,,,,,,,,,,,,,,,,,,,,,,,,,,,,,,,,,,,,,,,,,,,,,,,,,,,,,,,,,,,,,,,,
SE_2_H0,SE_2_H1,SE_2_,SE_2,Seronera,SE,W,2,H0,H0,1025,-2.437766,34.855394,2/26/2017,,,,Dig.mac,,,,,,,,,,,,,,,,,,,,,,,,,,,,,,,,,,,,,,,,,,,,,,,,,,,,,,,,,,,,,,,,,,,,,,,,,,,,,,,,,,,,,,,,,,,,
SE_3_H0,SE_3_H1,SE_3_,SE_3,Seronera,SE,W,3,H0,H0,1027,-2.437991,34.855418,2/26/2017,,,,Dig.mac,,,,,,,,,,,,,,,,,,,,,,,,,,,,,,,,,,,,,,,,,,,,,,,,,,,,,,,,,,,,,,,,,,,,,,,,,,,,,,,,,,,,,,,,,,,,
SE_4_H0,SE_4_H1,SE_4_,SE_4,Seronera,SE,W,4,H0,H0,1026,-2.438079,34.854989,2/26/2017,,,,Dig.mac,,,,,,,,,,,,,,,,,,,,,,,,,,,,,,,,,,,,,,,,,,,,,,,,,,,,,,,,,,,,,,,,,,,,,,,,,,,,,,,,,,,,,,,,,,,,
WET_W_1_EX_H1,WET_W_1_H1,WET_W,WET_W_1,Handajega,WET,W,1,EX,H1,954,-2.272484,34.023326,2/16/2017,3/20/2017,32,145.67,The.tri,4,1.2,,13.00,,,,,,,,,,,,,,,,,,,,,,,,,,,,,,,,,,,,15.00,,,,,,,,,,,,,,,,,,,,,,,,,,,,,,,,,,,,,,,,,,,,,,,,,,4,32,45
WET_W_1_OP_H1,WET_W_1_H1,WET_W,WET_W_1,Handajega,WET,W,1,OP,H1,954,-2.272484,34.023326,2/16/2017,3/20/2017,32,145.67,The.tri,1.5,1.4,,11.00,,,,,,,,,,,,,,,,,,,,,,,,,,,,,,,,,,,,,,,,,,,,,,,,,,,,,,,,,,,,,,,,,,,,,,,,,,,,,,,,,,,,,,8,19,30
WET_W_2_EX_H1,WET_W_2_H1,WET_W,WET_W_2,Handajega,WET,W,2,EX,H1,953,-2.2783,34.024459,2/16/2017,3/20/2017,32,145.67,The.tri,2.3,2.6,,,,,,,,,,,,,,,,,,,,,,,,,,,,,,,,,,,,,,,,,,,,,,,,,,,,,,,,,,,,,,,,,,,,,,,,,,,,,,,,,,,,,,,,5,5,20
WET_W_2_OP_H1,WET_W_2_H1,WET_W,WET_W_2,Handajega,WET,W,2,OP,H1,953,-2.2783,34.024459,2/16/2017,3/20/2017,32,145.67,The.tri,1.5,0.6,,,,,,,,,,,10.00,,,,,,,,,,,,,,,,,,,,,,,,,,,,,,,,,,,,,,,,,,,,,,,,,,,,,,,,,,,,,,,,,,,,,,,,,,,,,7,17,24
WET_W_3_EX_H1,WET_W_3_H1,WET_W,WET_W_3,Handajega,WET,W,3,EX,H1,951,-2.277999,34.027678,2/16/2017,3/21/2017,33,152.53,The.tri,2.5,4.1,,7.00,,,,,,,,,,,,,,,,,,,,,,,,,,,,,,,,,,,,,,,,,,,,,,,,,,,,,,,,,,,,,,,,,,,,,,,,,,,,,,,,,,,,,,20,27,50
WET_W_3_OP_H1,WET_W_3_H1,WET_W,WET_W_3,Handajega,WET,W,3,OP,H1,951,-2.277999,34.027678,2/16/2017,3/21/2017,33,152.53,The.tri,0.7,4.5,,,,,,,,,5.00,,,,,,,,,,,,,,,,,,,,,,,,,,,,,,,,,,,,,,,,,,,,,,,,,,,,,,,,,,,,,,,,,,,,,,,,,,,,,,,15,20,40
WET_W_4_EX_H1,WET_W_4_H1,WET_W,WET_W_4,Handajega,WET,W,4,EX,H1,950,-2.278837,34.031884,2/16/2017,3/21/2017,33,152.53,The.tri,1.8,2.7,,,,,,,,17.00,,,7.00,,,,,,,,,,,,,,,,,,,,,,,,,,,,,,,,,,,,,,,,,,,,,,,,,,,,,,,,,,,,,,,,,,,,,,,,,,,,,5,29,35
WET_W_4_OP_H1,WET_W_4_H1,WET_W,WET_W_4,Handajega,WET,W,4,OP,H1,950,-2.278837,34.031884,2/16/2017,3/21/2017,33,152.53,The.tri,1.8,2.2,,5.00,,,,,,5.00,,,,,,,,,,,,,,,,,,,,,,,,,,,,,,,,,,,,,,,,,,,,,,,,,,,,,,,,,,,,,,,,,,,,,,,,,,,,,,,,18,28,30
WET_P_1_EX_H1,WET_P_1_H1,WET_P,WET_P_1,Mwantimba,WET,P,1,EX,H1,957,-2.350052,34.049976,2/17/2017,3/22/2017,33,161.6,Chr.ori,1.8,0.9,,,,,,16.00,,,,,,,,,,,,,,,,,,,,,,,,,,,,,,,,,,,,,,,,,,,,,,,,,,,,,,,,,,,,,,,,,,,,,,,,,,,,,,,,,,6,22,25
WET_P_1_OP_H1,WET_P_1_H1,WET_P,WET_P_1,Mwantimba,WET,P,1,OP,H1,957,-2.350052,34.049976,2/17/2017,3/22/2017,33,161.6,Chr.ori,1.5,0.8,,,,,,,,,,,,,,,,,,,,,,,,,,,,,,,,,,,,,,,,,,,,,,,,,,,,,,,,,,,,,,,,,,,,,,,,,,,,,,,,,,,,,,,,10,10,18
WET_P_2_EX_H1,WET_P_2_H1,WET_P,WET_P_2,Mwantimba,WET,P,2,EX,H1,959,-2.348488,34.05011,2/17/2017,3/22/2017,33,161.6,Chr.ori,1.6,3,,,,10.00,,,,,,,5.00,,,,10.00,,,,,,,,,,,,,,,,,,,,,,,,,,,,,,,,,,,,,,,,,,,,,,,,,,,,,,,,,,,,,,,,,,,,,,,,,0,25,40
WET_P_2_OP_H1,WET_P_2_H1,WET_P,WET_P_2,Mwantimba,WET,P,2,OP,H1,959,-2.348488,34.05011,2/17/2017,3/22/2017,33,161.6,Chr.ori,1,2.6,,,,,,,,,,,,,,,12.00,,,,,,,,,,,,,,,,,,,,,,,,,,,,,,,,,,,,,,,,,,,,,,,,,,,,,,,,,,,,,,,,,,,,,,,,,3,15,20
WET_P_3_EX_H1,WET_P_3_H1,WET_P,WET_P_3,Mwantimba,WET,P,3,EX,H1,1022,-2.367293,34.062509,2/17/2017,3/22/2017,33,161.6,Chr.ori,3.2,2.6,,,,,,45.00,,,,,,,,,,,,,,,,,,,,,,,,,,,,,,,,,,,,,,,,,,,,,,,,,,,,,,,,,,,,,,,,,,,,,,,,,,,,,,,,,,5,50,70
WET_P_3_OP_H1,WET_P_3_H1,WET_P,WET_P_3,Mwantimba,WET,P,3,OP,H1,1022,-2.367293,34.062509,2/17/2017,3/22/2017,33,161.6,Chr.ori,1.6,0.8,,,,,,44.00,,,,,,,,,,,,,,,,,,,,,,,,,,,,,,,,,,,,,,,,,,,,,,,,,,,,,,,,,,,,,,,,,,,,,,,,,,,,,,,,,,2,46,55
WET_P_4_EX_H1,WET_P_4_H1,WET_P,WET_P_4,Mwantimba,WET,P,4,EX,H1,1020,-2.36857,34.062586,2/23/2017,3/22/2017,27,119.69,Chr.ori,1.5,0.7,,,,,,28.00,,,,,,,10.00,,,,,,,,,,,,,,,,,,,,,,,,,,,,,,,,,,,,,,,,,,,,,,,,,,,,,,,,,,,,,,,,,,,,,,,,,,,0,38,60
WET_P_4_OP_H1,WET_P_4_H1,WET_P,WET_P_4,Mwantimba,WET,P,4,OP,H1,1020,-2.36857,34.062586,2/23/2017,3/22/2017,27,119.69,Chr.ori,0.5,1.5,,,,,,36.00,,,,,,,,,,,,,,,,,,,,,,,,,,,,,,,,,,,,,,,,,,,,,,,,,,,,,,,,,,,,,,,,,,,,,,,,,,,,,,,,,,0,36,40
DRY_W_1_EX_H1,DRY_W_1_H1,DRY_W,DRY_W_1,Maswa,DRY,W,1,EX,H1,995,-3.299332,34.848458,2/19/2017,3/24/2017,33,165.31,Cyn.dac,3.5,6.8,,,,,,,,,,,,,,,,,,,7.00,,,,27.00,,,,,5.00,,,,,,,,,,,,,,,,,,,,,,,,,,,,,,,,,,,,,,,,,,,,,,,,,,,,,,,,,,,,12,51,55
DRY_W_1_EX2_H1,DRY_W_1_H1,DRY_W,DRY_W_1,Maswa,DRY,W,1,EX2,H1,995,-3.299332,34.848458,2/19/2017,3/25/2017,34,167.02,Cyn.dac,2.8,13.4,,,,,,,,,,,,,,,,,,,,12.00,,6.00,,,,,,25.00,,,,,,,,,,,,,,,,,,,,,,,,,,,,,,,,,,,,,,,,,,,,,,,,,,,,,,,,,,,,28,71,78
DRY_W_1_OP_H1,DRY_W_1_H1,DRY_W,DRY_W_1,Maswa,DRY,W,1,OP,H1,995,-3.299332,34.848458,2/19/2017,3/24/2017,33,165.31,Cyn.dac,2,1.7,,,,,,,,,,,,,,,,,,,,,,,10.00,,,,,,,,,,,,,,,,,,,,,,,,,,,,,,,,,,,,,,,,,,,,,,,,,,,,,,,,,,,,,,,,,8,18,28
DRY_W_2_EX_H1,DRY_W_2_H1,DRY_W,DRY_W_2,Maswa,DRY,W,2,EX,H1,980,-3.303268,34.847796,2/19/2017,3/24/2017,33,165.31,Cyn.dac,0.5,1.7,,,,,,,,,,,,,,,,,,,,5.00,8.00,5.00,,5.00,,,,8.00,,,,,,,,,,,,,,,,,8.00,,,,,,,,,,,,,,,,,,,,,,,,,,,,,,,,,,,,,,,,,,,4,43,40
DRY_W_2_EX2_H1,DRY_W_2_H1,DRY_W,DRY_W_2,Maswa,DRY,W,2,EX2,H1,980,-3.303268,34.847796,2/19/2017,3/25/2017,34,167.02,Cyn.dac,3,24.6,,,,,,40.00,,,,,,,,,,,,,,,,5.00,20.00,,,,,,,,,,,,,,,,,,,,,,,,,,,,,,,,,,,,,,,,,,,,,,,,,,,,,,,,,,,,,,,,,10,75,80
DRY_W_2_OP_H1,DRY_W_2_H1,DRY_W,DRY_W_2,Maswa,DRY,W,2,OP,H1,980,-3.303268,34.847796,2/19/2017,3/24/2017,33,165.31,Cyn.dac,1.5,2.8,,,,,,,,,,,,,,,,,,,,,,15.00,5.00,,,,,11.00,,,,,,,,,,,,,,,,,,,,,,,,,,,,,,,,,,,,,,,,,,,,,,,,,,,,,,,,,,,,6,37,45
DRY_W_3_EX_H1,DRY_W_3_H1,DRY_W,DRY_W_3,Maswa,DRY,W,3,EX,H1,998,-3.295645,34.852435,2/20/2017,3/24/2017,32,164.63,Cyn.dac,1.5,4.8,,,,,,,,,,,,,,,,,,,,15.00,5.00,7.00,,,,,,,,,,,,,,,,,,,,,,,5.00,,,,,,,,,,,,,,,,,,,,,,,,,,,,,,,,,,,,,,,,,,,20,52,53
DRY_W_3_EX2_H1,DRY_W_3_H1,DRY_W,DRY_W_3,Maswa,DRY,W,3,EX2,H1,998,-3.295645,34.852435,2/20/2017,3/25/2017,33,166.34,Cyn.dac,2,12,,,,,,,,,,,,,,,,,,,,35.00,,,,,,,,,,,,,,,,,,,,,,,,,,,,,,,,,,,,,,,,,,,,,,,,,,,,,,,,,,,,,,,,,,,,25,60,70
DRY_W_3_OP_H1,DRY_W_3_H1,DRY_W,DRY_W_3,Maswa,DRY,W,3,OP,H1,998,-3.295645,34.852435,2/20/2017,3/24/2017,32,164.63,Cyn.dac,1.3,3.3,,,,,,,,,,,,,,,,,,,,30.00,,,,,,,,,,,,,,,,,,,,,,,,,,,,,,,,,,,,,,,,,,,,,,,,,,,,,,,,,,,,,,,,,,,,20,50,60
DRY_W_4_EX_H1,DRY_W_4_H1,DRY_W,DRY_W_4,Maswa,DRY,W,4,EX,H1,1000,-3.296013,34.854327,2/20/2017,3/25/2017,33,170.33,Cyn.dac,1.6,3.9,,,,,,,,,,,,,,,,,,,,36.00,,,,,,,,,,,,,,,,,,,,,,,,,,,,,,,,,,,,,,,,,,,,,,,,,,,,,,,,,,,,,,,,,,,,10,46,50
DRY_W_4_EX2_H1,DRY_W_4_H1,DRY_W,DRY_W_4,Maswa,DRY,W,4,EX2,H1,1000,-3.296013,34.854327,2/20/2017,3/25/2017,33,170.33,Cyn.dac,3.5,3.3,,,,,,,,,,,,,,,,,,,,31.00,,,,,,,,,,,,,,,,,,,,,,,,,,,,,,,,,,,,,,,,,,,,,,,,,,,,,,,,,,,,,,,,,,,,15,46,50
DRY_W_4_OP_H1,DRY_W_4_H1,DRY_W,DRY_W_4,Maswa,DRY,W,4,OP,H1,1000,-3.296013,34.854327,2/20/2017,3/25/2017,33,170.33,Cyn.dac,4,14,,,,,,,,,,,,,8.00,,,,,,,5.00,,25.00,,10.00,,,,,,,,,,,,,,,,,,,,,,,,,,,,,,,,,,,,,,,,,,,,,,,,,,,,,,,,,,,,,,,,9,57,60
DRY_P_1_EX_H1,DRY_P_1_H1,DRY_P,DRY_P_1,Makao,DRY,P,1,EX,H1,1009,-3.303212,34.847736,2/21/2017,3/26/2017,33,156.81,Chl.pyc,7.5,18.6,,,,,,,,,,,,,7.00,,,,,,,,,,,,,,,,70.00,,,,,,,,,,5.00,5.00,,,,,,,,,,,,,,,,,,,,,,,,,,,,,,,,,,,,,,,,,,,,,,,,3,90,95
DRY_P_1_OP_H1,DRY_P_1_H1,DRY_P,DRY_P_1,Makao,DRY,P,1,OP,H1,1009,-3.303212,34.847736,2/21/2017,3/26/2017,33,156.81,Chl.pyc,2,4,,,,,,,,,,,,,,,,,5.00,,,,,,,,,,,,18.00,,,,,,,,,,,,,,,,,,,,,,,,,,,,,,,,,,,,,,,,,,,,,,,,,,,,,,,,,,,8,31,70
DRY_P_2_EX_H1,DRY_P_2_H1,DRY_P,DRY_P_2,Makao,DRY,P,2,EX,H1,1006,-3.408426,34.850244,2/21/2017,3/26/2017,33,156.81,Chl.pyc,3,10,,,,,,,,,,,,,,,,,,,,,,,,,,,,,6.00,,,,5.00,,,,,,,,10.00,,,,,,,,,,,,,,,,,,,,,,,,,,,,,,,,,,,,,,,,,,,,,,,20,41,47
DRY_P_2_OP_H1,DRY_P_2_H1,DRY_P,DRY_P_2,Makao,DRY,P,2,OP,H1,1006,-3.408426,34.850244,2/21/2017,3/26/2017,33,156.81,Chl.pyc,1,0.9,,,,,,,,,,,,,,,,,,,,,15.00,,,,,,,5.00,6.00,,,,,,,,,,,,,,,,15.00,,,,,,,,,,,,,,,,,,,,,,,,,,,,,,,,,,,,,,,,,,,9,50,55
DRY_P_3_EX_H1,DRY_P_3_H1,DRY_P,DRY_P_3,Makao,DRY,P,3,EX,H1,1001,-3.406316,34.850407,2/20/2017,3/26/2017,34,176.82,Chl.pyc,,,,,,,,,,,,,,,,,,,,,,,,,,,,,,,,,,,,,,,,,,,,,,,,,,,,,,,,,,,,,,,,,,,,,,,,,,,,,,,,,,,,,,,,,,,,
DRY_P_3_OP_H1,DRY_P_3_H1,DRY_P,DRY_P_3,Makao,DRY,P,3,OP,H1,1001,-3.406316,34.850407,2/20/2017,3/26/2017,34,176.82,Chl.pyc,2,2.4,,,,,,,,,,,,,,,,10.00,,,,,5.00,,,,,,,,6.00,,,,,5.00,,,,,10.00,,,,,,5.00,,,,,,,,,,,,,,,,,,,,,,,,,,,,,,,,,,,,,,,,,,,7,48,60
DRY_P_4_EX_H1,DRY_P_4_H1,DRY_P,DRY_P_4,Makao,DRY,P,4,EX,H1,1003,-3.406853,34.8516,2/20/2017,3/26/2017,34,176.82,Chl.pyc,4,8.2,,,,,,,,,,,,,5.00,,,,5.00,,,,,,,,,,,,17.00,,,,,,,,,,6.00,,,,,,,,,,,,,,,,,,,,,,,,,,,,,,,,,,,,,,,,,,,,,,,,,10,43,55
DRY_P_4_OP_H1,DRY_P_4_H1,DRY_P,DRY_P_4,Makao,DRY,P,4,OP,H1,1003,-3.406853,34.8516,2/20/2017,3/26/2017,34,176.82,Chl.pyc,2.3,5.6,,,,,,,,,,,,,,,,,,,,,,,,,,,,,36.00,,,,,,,,,,,,,,,,,,,,,,,,,,,,,,,,,,,,,,,,,,,,,,,,,,,,,,,,,,,4,40,50
SE_1_EX_H1,SE_1_H1,SE,SE_1,Seronera,SE,W,1,EX,H1,1023,-2.437747,34.855162,2/26/2017,3/18/2017,20,84.86,Dig.mac,4,7.3,,,,5.00,,,,,,,,,,,,,15.00,,,,,,,,,,,,,,,,,,,,,,,,,,,,,,,,,,,,,,,,,,,,,,,,,,,,,,,,,,,,,,,,,,,,,,,6,26,65
SE_1_EX2_H1,SE_1_H1,SE,SE_1,Seronera,SE,W,1,EX2,H1,1023,-2.437747,34.855162,2/25/2017,3/18/2017,21,86.14,Dig.mac,3.9,8.3,,,,15.00,,,,,,,,,,,,,30.00,,,,,,,,,,,,,,,,,,,,,,,,,,,,,,,,,,,,,,,,,,,,,,,,,,,,,,,,,,,,,,,,,,,,,,,3,48,60
SE_1_OP_H1,SE_1_H1,SE,SE_1,Seronera,SE,W,1,OP,H1,1023,-2.437747,34.855162,2/25/2017,3/18/2017,21,86.14,Dig.mac,4.3,10.3,,,,6.00,,,,,,,,,,,,,20.00,,,,,,,,,,,,,,,,,,5.00,,,,,,,,,,,,,,,,,,,,,,,,,,,,,,,,,,,,,,,,,,,,,,,,,,,,,10,41,55
SE_2_EX_H1,SE_2_H1,SE,SE_2,Seronera,SE,W,2,EX,H1,1025,-2.437766,34.855394,2/26/2017,3/18/2017,20,84.86,Dig.mac,3.9,7.4,,,,5.00,,,,,,,,,,,,,35.00,,,,,,,,,,,,,,,,,,7.00,,,,,,,,,,,,,,,,,,,,,,,,,,,,,,,,,,,,,,,,,,,,,,,,,,,,,5,52,70
SE_2_EX2_H1,SE_2_H1,SE,SE_2,Seronera,SE,W,2,EX2,H1,1025,-2.437766,34.855394,2/25/2017,3/18/2017,21,86.14,Dig.mac,3.4,5.4,,,,,,,,,,,,,,,12.00,5.00,,,,,,,,,,,,,,,,,,,,,,,,,,,,,,,,,,,,,,,,,,,,,,,,,,,,,,,,,,,,,,,,,,,,,,,,18,35,45
SE_2_OP_H1,SE_2_H1,SE,SE_2,Seronera,SE,W,2,OP,H1,1025,-2.437766,34.855394,2/25/2017,3/18/2017,21,86.14,Dig.mac,3.4,4.4,,,,,,,,,,,,,,,6.00,,8.00,,,,,,,,,,,,,,,,,,6.00,8.00,,,,,,,,,,,,,,,,,,,,,,,,,,,,,,,,,,,,,,,,,,,,,,,,,,,,10,38,40
SE_3_EX_H1,SE_3_H1,SE,SE_3,Seronera,SE,W,3,EX,H1,1027,-2.437991,34.855418,2/26/2017,3/18/2017,20,84.86,Dig.mac,5,8.3,,,,,,,,,,,,,,,,,,,,,,,,,,,,5.00,,,,,,,25.00,,5.00,,,,,,,,,,,,,,,,,,,,,,,,,,,,,,,,,,,,,,,,,,,,,,,,,,,7,42,70
SE_3_EX2_H1,SE_3_H1,SE,SE_3,Seronera,SE,W,3,EX2,H1,1027,-2.437991,34.855418,2/25/2017,3/18/2017,21,86.14,Dig.mac,5,3.3,,,,,,,,,,,,,,,5.00,,15.00,,,,,,,,,,,,,,,,,,7.00,,5.00,,,,,,,,,,,,,,,,,,,,,,,,,,,,,,,,,,,,,,,,,,,,,,,,,,,15,47,65
SE_3_OP_H1,SE_3_H1,SE,SE_3,Seronera,SE,W,3,OP,H1,1027,-2.437991,34.855418,2/25/2017,3/18/2017,21,86.14,Dig.mac,4.1,6,,,,5.00,,,,,,,,,,,,,25.00,,,,,,,,,,,,,,,,,,,,,,,,,,,,,,,,,,,,,,,,,,,,,,,,,,,,,,,,,,,,,,,,,,,,,,,6,36,50
SE_4_EX_H1,SE_4_H1,SE,SE_4,Seronera,SE,W,4,EX,H1,1026,-2.438079,34.854989,2/26/2017,3/18/2017,20,84.86,Dig.mac,5.6,8.8,,,,,,,,,,,,,,,5.00,,22.00,,,,,,,,,,,,,,,,,,,,5.00,,,,,,,,,,,,,,,,,,,,,,,,,,,,,,,,,,,,,,,,,,,,,,,,,,,8,40,65
SE_4_EX2_H1,SE_4_H1,SE,SE_4,Seronera,SE,W,4,EX2,H1,1026,-2.438079,34.854989,2/25/2017,3/18/2017,21,86.14,Dig.mac,5.4,12.5,,,,,,,,,,,,,,,,,18.00,,,,,,,,,,,,,,,,,,10.00,,,,,,,,,,,,,,,,,,,,,,,,,,,,,,,,,,,,,,,,,,,,,,,,,,,,,25,53,55
SE_4_OP_H1,SE_4_H1,SE,SE_4,Seronera,SE,W,4,OP,H1,1026,-2.438079,34.854989,2/25/2017,3/18/2017,21,86.14,Dig.mac,4.7,7.1,,,,,,,,,,,,,,,,,8.00,,,,,,,,,,,,,,,,,,6.00,,,,,,,,,,,,,,,,,,,,,,,,,,,,,,,,,,,,,,,,,,,,,,,,,,,,,10,24,45
WET_W_1_EX_H2,WET_W_1_H2,WET_W,WET_W_1,Handajega,WET,W,1,EX,H2,954,-2.272484,34.023326,3/20/2017,5/13/2017,54,217.8,The.tri,3.5,17,,10.00,,,,,12.00,5.00,,,,10.00,,,,,,,,,,,,,,,,,,,,,,,,,,,,,,,,,,,,,,,,,,,,,,,,,,,,,,,,,,,,,,,,,,,,,,,,,,,,5,42,40
WET_W_1_OP_H2,WET_W_1_H2,WET_W,WET_W_1,Handajega,WET,W,1,OP,H2,954,-2.272484,34.023326,3/20/2017,5/13/2017,54,217.8,The.tri,5.2,10.2,,,,,,,5.00,,,,15.00,,,,,,,,,,,,,,,,,,,,,,,,,,,,,,,,,,,,,,,,,,,,,,,,,,,,,,,,,,,,,,,,,,,,,,,,,,,,,5,25,30
WET_W_2_EX_H2,WET_W_2_H2,WET_W,WET_W_2,Handajega,WET,W,2,EX,H2,953,-2.2783,34.024459,3/20/2017,5/13/2017,54,217.8,The.tri,5,24.6,,,,,,,20.00,,,,,,,,,,,,,,,,,,,,,,,,,,,,,,,5.00,,,,,,,,,,,,,,,,,,,,,,,,,,,,,,,,,,,,,,,,,,,,,,,,,,20,45,55
WET_W_2_OP_H2,WET_W_2_H2,WET_W,WET_W_2,Handajega,WET,W,2,OP,H2,953,-2.2783,34.024459,3/20/2017,5/13/2017,54,217.8,The.tri,3,9.6,,,,,,,30.00,7.00,,,,,,,,,,,,,,,,,,,,,,,,,,,,,,,,,,,,,,,,,,,,,,,,,,,,,,,,,,,,,,,,,,,,,,,,,,,,,,,,15,52,50
WET_W_3_EX_H2,WET_W_3_H2,WET_W,WET_W_3,Handajega,WET,W,3,EX,H2,951,-2.277999,34.027678,3/21/2017,5/13/2017,53,213.79,The.tri,3.5,31.6,,,,,,,,10.00,,,10.00,,,,,,,,,,,,,,,,,,,,,,,,,,,,,,,,,,,,,,,,,,,,,,,,,,,,,,,,,,,,,,,,,,,,,,,,,,,,,40,60,65
WET_W_3_OP_H2,WET_W_3_H2,WET_W,WET_W_3,Handajega,WET,W,3,OP,H2,951,-2.277999,34.027678,3/21/2017,5/13/2017,53,213.79,The.tri,3.2,13.2,,10.00,,,,,,5.00,,,,,10.00,,,,,,,,,,,,,,,,5.00,,,,,,,,,,,,,,,,,,,,,,,,,,,,,,,,,,,,,,,,,,,,,,,,,,,,,,,,,,,20,50,55
WET_W_4_EX_H2,WET_W_4_H2,WET_W,WET_W_4,Handajega,WET,W,4,EX,H2,950,-2.278837,34.031884,3/21/2017,5/13/2017,53,213.79,The.tri,3.5,20.6,,,,,,,,15.00,,,15.00,,,,,,,,,,,,,,,,,,,,,,,,,,,,,,,,,,,,,,,,,,,,,,,,,,,,,,,,,,,,,,,,,,,,,,,,,,,,,15,45,50
WET_W_4_OP_H2,WET_W_4_H2,WET_W,WET_W_4,Handajega,WET,W,4,OP,H2,950,-2.278837,34.031884,3/21/2017,5/13/2017,53,213.79,The.tri,2,6,,,,,,,,5.00,,,10.00,,,,,,,,,,,,,,,,,,,,,,,,,,,,,,,,,,,,,,,,,,,,,,,,,,,,,,,,,,,,,,,,,,,,,,,,,,,,,10,25,30
WET_P_1_EX_H2,WET_P_1_H2,WET_P,WET_P_1,Mwantimba,WET,P,1,EX,H2,957,-2.350052,34.049976,3/22/2017,5/14/2017,53,222.92,Chr.ori,3,14.2,,,,,,,,,,,,,30.00,,,,,,,,,,,,,,,,,,,,,,,,,,,,,,,,,,,,,,,,,,,,,,,,,,,,,,,,,,,,,,,,,,,,,,,,,,,55,85,92
WET_P_1_OP_H2,WET_P_1_H2,WET_P,WET_P_1,Mwantimba,WET,P,1,OP,H2,957,-2.350052,34.049976,3/22/2017,5/14/2017,53,222.92,Chr.ori,1,9.6,,,,,,15.00,,,,,,,,,,,,,,,,,,,,,,,,,,,,,,,,,,,,,,,,,,,,,,,,,,,,,,,,,,,,,,,,,,,,,,,,,,,,,,,,,,45,60,60
WET_P_2_EX_H2,WET_P_2_H2,WET_P,WET_P_2,Mwantimba,WET,P,2,EX,H2,959,-2.348488,34.05011,3/22/2017,5/14/2017,53,222.92,Chr.ori,5.5,16.8,,,,,,20.00,,,,,,,,,,,20.00,,,,,,,,,,,,,,,,,,,,,,,,,20.00,,,,,,,,,,,,,,,,,,,,,,,,,,,,,,,,,,,,,,,,,,,,,,20,80,80
WET_P_2_OP_H2,WET_P_2_H2,WET_P,WET_P_2,Mwantimba,WET,P,2,OP,H2,959,-2.348488,34.05011,3/22/2017,5/14/2017,53,222.92,Chr.ori,2.2,5.2,,,,5.00,,,,,,,5.00,,,,,,,,,,,,,,,,,,,,,,,,,,,,,,,20.00,,,,,,,,,,,,,,,,,,,,,,,,,,,,,,,,,,,,,,,,,,,,,,30,60,65
WET_P_3_EX_H2,WET_P_3_H2,WET_P,WET_P_3,Mwantimba,WET,P,3,EX,H2,1022,-2.367293,34.062509,3/22/2017,5/14/2017,53,222.92,Chr.ori,12,51.4,,,,,,70.00,,,,,,,,,,,,,,,,,,,,,,,,,,,,,,,,,,,,,15.00,,,,,,,,,,,,,,,,,,,,,,,,,,,,,,,,,,,,,,,,,,,,,5,90,95
WET_P_3_OP_H2,WET_P_3_H2,WET_P,WET_P_3,Mwantimba,WET,P,3,OP,H2,1022,-2.367293,34.062509,3/22/2017,5/14/2017,53,222.92,Chr.ori,4,28.6,,,,,,80.00,,,,,,,,,,,,,,,,,,,,,,,,,,,,,,,,,,,,,8.00,,,,,,,,,,,,,,,,,,,,,,,,,,,,,,,,,,,,,,,,,,,,,3,91,95
WET_P_4_EX_H2,WET_P_4_H2,WET_P,WET_P_4,Mwantimba,WET,P,4,EX,H2,1020,-2.36857,34.062586,3/22/2017,5/14/2017,53,222.92,Chr.ori,5.2,28.6,5.00,,,,,30.00,,,,,,,,,,,,,,,,,,,,,,,,,,,,,,,,,,,,,,,,,,,,,,,,,,,,,,,,,,,,,,,,,,,,,,,,,,,,,,,,,,25,60,85
WET_P_4_OP_H2,WET_P_4_H2,WET_P,WET_P_4,Mwantimba,WET,P,4,OP,H2,1020,-2.36857,34.062586,3/22/2017,5/14/2017,53,222.92,Chr.ori,2.5,17.6,,,,,,20.00,,,,,,5.00,,,,,,,,,,,,,,,,,,,,,,,,,,,,,,,,,,,,,,,,,,,,,,,,,,,,,,,,,,,,,,,,,,,,,,,,,,,,25,50,95
DRY_W_1_EX_H2,DRY_W_1_H2,DRY_W,DRY_W_1,Maswa,DRY,W,1,EX,H2,995,-3.299332,34.848458,3/24/2017,05.11.2017,48,115.33,Cyn.dac,,,,,,,,,,,,,,,,,,,,,,,,,,,,,,,,,,,,,,,,,,,,,,,,,,,,,,,,,,,,,,,,,,,,,,,,,,,,,,,,,,,,,,,,,,,,
DRY_W_1_EX2_H2,DRY_W_1_H2,DRY_W,DRY_W_1,Maswa,DRY,W,1,EX2,H2,995,-3.299332,34.848458,3/25/2017,05.11.2017,47,115.33,Cyn.dac,2.5,13,,,,,,25.00,,,,,,,,,,,,,,,,,,,,,,,,,,,,,,,,,10.00,,,,,,,,,,,,,,,,,,,,,,,,,,,,,,,,,,,,,,,,,,,,,,,,,15,50,60
DRY_W_1_OP_H2,DRY_W_1_H2,DRY_W,DRY_W_1,Maswa,DRY,W,1,OP,H2,995,-3.299332,34.848458,3/24/2017,05.11.2017,48,115.33,Cyn.dac,1.7,3.3,,,,,,,,,,,,,,,,,,,,,,,,,,,,,,,,,,,,,,,,,,,,10.00,,,,,,,,,,,,,,,,,,,,,,,,,,,,,,,,,,,,,,,,,,,,10,20,30
DRY_W_2_EX_H2,DRY_W_2_H2,DRY_W,DRY_W_2,Maswa,DRY,W,2,EX,H2,980,-3.303268,34.847796,3/24/2017,05.11.2017,48,115.33,Cyn.dac,1.5,6.8,,,,,,5.00,,,,,,,,,,,,,,,,8.00,,,,,,,,7.00,,,,,,,,,,,,,,,8.00,,,,,,,,,,,,,,,,,,,,,,,,,,,,,,,,,,,,,,,,,,,10,38,40
DRY_W_2_EX2_H2,DRY_W_2_H2,DRY_W,DRY_W_2,Maswa,DRY,W,2,EX2,H2,980,-3.303268,34.847796,3/25/2017,05.11.2017,47,115.33,Cyn.dac,2,9.6,,,,,,,,,,,,,,,,,,,,,,,,,,,,,,,,,,,,,,,10.00,,,,,,,,,,,,,,,,,,,,,,,,,,,,,,,,,,,,,,,,,,,,,,,,,40,50,60
DRY_W_2_OP_H2,DRY_W_2_H2,DRY_W,DRY_W_2,Maswa,DRY,W,2,OP,H2,980,-3.303268,34.847796,3/24/2017,05.11.2017,48,115.33,Cyn.dac,1.7,3.2,,,,,,,,,,,,,,,,,,,,7.00,,,,,,,,,,,,,,,,,,,,,,,,,,,,,,,,,,,,,,,,,,,,,,,,,,,,,,,,,,,,,,,,,,,,15,22,25
DRY_W_3_EX_H2,DRY_W_3_H2,DRY_W,DRY_W_3,Maswa,DRY,W,3,EX,H2,998,-3.295645,34.852435,3/24/2017,05.11.2017,48,115.33,Cyn.dac,,,,,,,,,,,,,,,,,,,,,,,,,,,,,,,,,,,,,,,,,,,,,,,,,,,,,,,,,,,,,,,,,,,,,,,,,,,,,,,,,,,,,,,,,,,,
DRY_W_3_EX2_H2,DRY_W_3_H2,DRY_W,DRY_W_3,Maswa,DRY,W,3,EX2,H2,998,-3.295645,34.852435,3/25/2017,05.11.2017,47,115.33,Cyn.dac,,,,,,,,,,,,,,,,,,,,,,,,,,,,,,,,,,,,,,,,,,,,,,,,,,,,,,,,,,,,,,,,,,,,,,,,,,,,,,,,,,,,,,,,,,,,
DRY_W_3_OP_H2,DRY_W_3_H2,DRY_W,DRY_W_3,Maswa,DRY,W,3,OP,H2,998,-3.295645,34.852435,3/24/2017,05.11.2017,48,115.33,Cyn.dac,,,,,,,,,,,,,,,,,,,,,,,,,,,,,,,,,,,,,,,,,,,,,,,,,,,,,,,,,,,,,,,,,,,,,,,,,,,,,,,,,,,,,,,,,,,,
DRY_W_4_EX_H2,DRY_W_4_H2,DRY_W,DRY_W_4,Maswa,DRY,W,4,EX,H2,1000,-3.296013,34.854327,3/25/2017,05.11.2017,47,132.71,Cyn.dac,2,3.6,,,,,,,,,,,,,,,,,,,,5.00,,,,,,,,,,,,,,,,,,,,,,,,,,,,,,,,,,,,,,,,,,,,,,,,,,,,,,,,,,,,,,,,,,,,18,23,25
DRY_W_4_EX2_H2,DRY_W_4_H2,DRY_W,DRY_W_4,Maswa,DRY,W,4,EX2,H2,1000,-3.296013,34.854327,3/25/2017,05.11.2017,47,132.71,Cyn.dac,,,,,,,,6.00,,,,,,,,,,,,,,,,,,,,,,5.00,,,,,,,,,,,,,,,,,10.00,,,,,,,,,,,,,,,,,,,,,,,,,,,,,,,,,,,,,,,,,,,20,,45
DRY_W_4_OP_H2,DRY_W_4_H2,DRY_W,DRY_W_4,Maswa,DRY,W,4,OP,H2,1000,-3.296013,34.854327,3/25/2017,05.11.2017,47,132.71,Cyn.dac,1.5,1.2,,,,,,,,,,,,,,,,,,,,10.00,,,,,,,,,,,,,,,,,,,,,,,,,,,,,,,,,,,,,,,,,,,,,,,,,,,,,,,,,,,,,,,,,,,,10,20,25
DRY_P_1_EX_H2,DRY_P_1_H2,DRY_P,DRY_P_1,Makao,DRY,P,1,EX,H2,1009,-3.303212,34.847736,3/26/2017,05.09.2017,44,90.82,Chl.pyc,4,15.6,,,,,,,,,,,,,,,,,,,,,,,,,,,,,35.00,,,,,,,,,,,,,,,,,15.00,,,,,,,,,,,,,,,,,,,,,,,,,,,,,,,,,,,,,,,,,,25,75,85
DRY_P_1_OP_H2,DRY_P_1_H2,DRY_P,DRY_P_1,Makao,DRY,P,1,OP,H2,1009,-3.303212,34.847736,3/26/2017,05.09.2017,44,90.82,Chl.pyc,1.5,8.8,,,,,,,,,,,,,,,,,,,,,,,,,,,,,5.00,,,,,,,,,,,,,,,,,,,,,,,,,,,,,,,,,,,,,,,,,,,,,,,,,,,,,,,,,,,65,70,75
DRY_P_2_EX_H2,DRY_P_2_H2,DRY_P,DRY_P_2,Makao,DRY,P,2,EX,H2,1006,-3.408426,34.850244,3/26/2017,05.09.2017,44,90.82,Chl.pyc,1.5,11.2,,5.00,,,,,,,,,,,,,,,,,,,,,,,,,,,,,,,,,,,,,,,,,,,10.00,,,,,,,,,,,,,,,,,,,,,,,,,,,,,,,,,,,,,,,,,,,25,40,55
DRY_P_2_OP_H2,DRY_P_2_H2,DRY_P,DRY_P_2,Makao,DRY,P,2,OP,H2,1006,-3.408426,34.850244,3/26/2017,05.09.2017,44,90.82,Chl.pyc,1.5,6.6,,,,,,,,,,,,,,,,,,,,,,,,,15.00,,,,,,,,,,,,,,,,,,,,,,,,,,,,,,,,,,,,,,,,,,,,,,,,,,,,,,,,,,,,,,,15,30,35
DRY_P_3_EX_H2,DRY_P_3_H2,DRY_P,DRY_P_3,Makao,DRY,P,3,EX,H2,1001,-3.406316,34.850407,3/26/2017,05.09.2017,44,90.82,Chl.pyc,2,14.2,,,,,,,,,,,,,,,,,,,,,,,,,,,,,5.00,,,,,5.00,,,,,,,,,,,,,10.00,,,,,,,,,,,,,,,,,,,,,,,,,,,,,,,,,,,,,,,,,40,60,55
DRY_P_3_OP_H2,DRY_P_3_H2,DRY_P,DRY_P_3,Makao,DRY,P,3,OP,H2,1001,-3.406316,34.850407,3/26/2017,05.09.2017,44,90.82,Chl.pyc,2.5,14.1,,12.00,,,,,,,,,,,,,,,,,10.00,,,,,,,,,,,,,,,10.00,,,,,,,,,,,,,12.00,,,,,,,,,,,,,,,,,,,,,,,,,,,,,,,,,,,,,,,,,15,59,70
DRY_P_4_EX_H2,DRY_P_4_H2,DRY_P,DRY_P_4,Makao,DRY,P,4,EX,H2,1003,-3.406853,34.8516,3/26/2017,05.09.2017,44,90.82,Chl.pyc,1,6.1,,,,,,,,,,,,,,,,,,,,,,,,,,,,,20.00,,,,,,,,,,,,,,,,,,,,,,,,,,,,,,,,,,,,,,,,,,,,,,,,,,,,,,,,,,,10,30,40
DRY_P_4_OP_H2,DRY_P_4_H2,DRY_P,DRY_P_4,Makao,DRY,P,4,OP,H2,1003,-3.406853,34.8516,3/26/2017,05.09.2017,44,90.82,Chl.pyc,2,12.4,,,,,,,,,,,,,,,,,,,,,,,,,,,,,30.00,,,,,,,,,,,,,,,,,,,,,,,,,,,,,,,,,,,,,,,,,,,,,,,,,,,,,,,,,,,40,70,75
SE_1_EX_H2,SE_1_H2,SE,SE_1,Seronera,SE,W,1,EX,H2,1023,-2.437747,34.855162,3/18/2017,5/17/2017,60,136.42,Dig.mac,5.8,35.6,,,,,,,,,,,,,,,,,25.00,,,,,,,,,,,,,,,,,,,,,,,,,,,,,,,7.00,,,,,,,,,,,,,,,,,,,,,,,,,,,,,,,,,,,,,,,,25,57,60
SE_1_EX2_H2,SE_1_H2,SE,SE_1,Seronera,SE,W,1,EX2,H2,1023,-2.437747,34.855162,3/18/2017,5/17/2017,60,136.42,Dig.mac,4.5,21.5,,,,,,,,,,,,,,,,,25.00,,,,,,,,,,,5.00,,,,,,,,,,,,,,,,,,,,8.00,,,,,,,,,,,,,,,,,,,,,,,,,,,,,,,,,,,,,,,,15,53,50
SE_1_OP_H2,SE_1_H2,SE,SE_1,Seronera,SE,W,1,OP,H2,1023,-2.437747,34.855162,3/18/2017,5/17/2017,60,136.42,Dig.mac,4.7,20.4,,,,,,,,,,,,,,,,,35.00,,,,,,,,,,,,,,,,,,,,,,,,,,,,,,,20.00,,,,,,,,,,,,,,,,,,,,,,,,,,,,,,,,,,,,,,,,15,70,75
SE_2_EX_H2,SE_2_H2,SE,SE_2,Seronera,SE,W,2,EX,H2,1025,-2.437766,34.855394,3/18/2017,5/17/2017,60,136.42,Dig.mac,8,23.4,,,,,,,,,,,,,,,5.00,,40.00,,,,,,,,,,,,,,,,,,,,,,,,,,,,,,,,,,,,,,,,,,,,,,,,,,,,,,,,,,,,,,,,,,,,,,,30,75,85
SE_2_EX2_H2,SE_2_H2,SE,SE_2,Seronera,SE,W,2,EX2,H2,1025,-2.437766,34.855394,3/18/2017,5/17/2017,60,136.42,Dig.mac,5.6,32,,,,,,,,,,,,,,,,,20.00,,,,,,,,,,,10.00,,,10.00,,,,,,,,,,,,,,,,,,,,,,,,,,,,,,,,,,,,,,,,,,,,,,,,,,,,,,,,,10,50,55
SE_2_OP_H2,SE_2_H2,SE,SE_2,Seronera,SE,W,2,OP,H2,1025,-2.437766,34.855394,3/18/2017,5/17/2017,60,136.42,Dig.mac,2.2,11.8,,,,,,,,,,,,,,,5.00,,8.00,,,,,,,,,,,,,,,,,,,,,,,,,,,,,,,,,,,,,,,,,,,,,,,,,,,,,,,,,,,,,,,,,,,,,,,8,21,25
SE_3_EX_H2,SE_3_H2,SE,SE_3,Seronera,SE,W,3,EX,H2,1027,-2.437991,34.855418,3/18/2017,5/17/2017,60,136.42,Dig.mac,5.7,28.4,,,,5.00,,,,,,,,,,,5.00,,30.00,,,,,,,,,,,,,,,,,,,,,,,,,,,,,,,,,,,,,,,,,,,,,,,,,,,,,,,,,,,,,,,,,,,,,,,20,60,65
SE_3_EX2_H2,SE_3_H2,SE,SE_3,Seronera,SE,W,3,EX2,H2,1027,-2.437991,34.855418,3/18/2017,5/17/2017,60,136.42,Dig.mac,3.6,24.6,,,,,,,,,,,,,,,10.00,,35.00,,,,,,,,,,,,,,,,,,,,,,,,,,,,,,,10.00,,,,,,,,,,,,,,,,,,,,,,,,,,,,,,,,,,,,,,,,10,65,70
SE_3_OP_H2,SE_3_H2,SE,SE_3,Seronera,SE,W,3,OP,H2,1027,-2.437991,34.855418,3/18/2017,5/17/2017,60,136.42,Dig.mac,4.5,22.4,,,,,,,,,,,,,,,7.00,,20.00,,,,,,,,,,,,,,,,,,,,,,,,,,,,,,,,,,,,,,,,,,,,,,,,,,,,,,,,,,,,,,,,,,,,,,,20,47,55
SE_4_EX_H2,SE_4_H2,SE,SE_4,Seronera,SE,W,4,EX,H2,1026,-2.438079,34.854989,3/18/2017,5/17/2017,60,136.42,Dig.mac,5.5,24.4,,,5.00,18.00,,,,,,,,,,,5.00,,,,,,,,,,,,,,,,,,,,,,,,,,,,,,,,,,,,,,,,,,,,,,,,,,,,,,,,,,,,,,,,,,,,,,,,,20,48,60
SE_4_EX2_H2,SE_4_H2,SE,SE_4,Seronera,SE,W,4,EX2,H2,1026,-2.438079,34.854989,3/18/2017,5/17/2017,60,136.42,Dig.mac,10.5,28,,,,15.00,,,,,,,,10.00,,,,,25.00,,,,,,,,,,,,,,,,,,,,,,,,,,,,,,,,,,,,,,,,,,,,,,,,,,,,,,,,,,,,,,,,,,,,,,,25,75,85
SE_4_OP_H2,SE_4_H2,SE,SE_4,Seronera,SE,W,4,OP,H2,1026,-2.438079,34.854989,3/18/2017,5/17/2017,60,136.42,Dig.mac,5,20.4,,,,,,,,,,,,,,,,,45.00,,,,,,,,,,,,,,,,,,,,,,,,,,,,,,,,,,,,,,,,,,,,,,,,,,,,,,,,,,,,,,,,,,,,,,,10,55,60
WET_W_1_EX_H3,WET_W_1_H3,WET_W,WET_W_1,Handajega,WET,W,1,EX,H3,954,-2.272484,34.023326,5/13/2017,7/24/2017,72,95.97,The.tri,1.6,7.2,,5.00,,,,,,,,,6.00,,,,,,,,,,,,,,,,,,,,,,,,,,,,,,,,,,,,,,,,,,,,,,,,,,,,,,,,,,,,,,,,,,,,,,,,,,,,,5,16,17
WET_W_1_OP_H3,WET_W_1_H3,WET_W,WET_W_1,Handajega,WET,W,1,OP,H3,954,-2.272484,34.023326,5/13/2017,7/24/2017,72,95.97,The.tri,2,6.8,,5.00,,,,,,,,,10.00,,,,,,,,,,,,,,,,,,,,,,,,,,,,,,,,,,,,,,,,,,,,,,,,,,,,,,,,,,,,,,,,,,,,,,,,,,,,,8,23,25
WET_W_2_EX_H3,WET_W_2_H3,WET_W,WET_W_2,Handajega,WET,W,2,EX,H3,953,-2.2783,34.024459,5/13/2017,7/24/2017,72,95.97,The.tri,2,4.2,,,,,,,8.00,,,,5.00,,,,,,,,,,,,,,,,,,,,,,,,,,,,,,,,,,,,,,,,,,,,,,,,,,,,,,,,,,,,,,,,,,,,,,,,,,,,,10,23,27
WET_W_2_OP_H3,WET_W_2_H3,WET_W,WET_W_2,Handajega,WET,W,2,OP,H3,953,-2.2783,34.024459,5/13/2017,7/24/2017,72,95.97,The.tri,1.5,10.2,,7.00,,,,,5.00,,,,,,,,,,,,,,,,,,,,,,,,,,,,,,,,,,,,,,,,,,,,,,,,,,,,,,,,,,,,,,,,,,,,,,,,,,,,,,,,,8,20,25
WET_W_3_EX_H3,WET_W_3_H3,WET_W,WET_W_3,Handajega,WET,W,3,EX,H3,951,-2.277999,34.027678,5/13/2017,7/24/2017,72,95.97,The.tri,3,21,,,,,,,10.00,,,,,,,,,,,,,,,,,,,,,,,,,,,,,,,,,,,,,,,,,,,,,,,,,,,,,,,,,,,,,,,,,,,,,,,,,,,,,,,,,35,45,65
WET_W_3_OP_H3,WET_W_3_H3,WET_W,WET_W_3,Handajega,WET,W,3,OP,H3,951,-2.277999,34.027678,5/13/2017,7/24/2017,72,95.97,The.tri,2.5,6.8,,,,,,,5.00,6.00,,,,,,,,,,,,,,,,,,,,,,,,,,,,,,8.00,,,,,,,,,,,,,,,,,,,,,,,,,,,,,,,,,,,,,,,,,,,,,,,,,,7,26,30
WET_W_4_EX_H3,WET_W_4_H3,WET_W,WET_W_4,Handajega,WET,W,4,EX,H3,950,-2.278837,34.031884,5/13/2017,7/24/2017,72,95.97,The.tri,3,9,,,,,,,12.00,8.00,,,,,,,,,,,,,,,,,,,,,,,,,,,,,,,,,,,,,,,,,,,,,,,,,,,,,,,,,,,,,,,,,,,,,,,,,,,,,,,,20,40,45
WET_W_4_OP_H3,WET_W_4_H3,WET_W,WET_W_4,Handajega,WET,W,4,OP,H3,950,-2.278837,34.031884,5/13/2017,7/24/2017,72,95.97,The.tri,2,2.6,,,,,,,,10.00,,,,,,,,,,,,,,,,,,,,,,,,,,,,,,,,,,,,,,,,,,,,,,,,,,,,,,,,,,,,,,,,,,,,,,,,,,,,,,,,13,23,27
WET_P_1_EX_H3,WET_P_1_H3,WET_P,WET_P_1,Mwantimba,WET,P,1,EX,H3,957,-2.350052,34.049976,5/14/2017,7/23/2017,70,71.7,Chr.ori,2.5,2.2,,,,,,,,,,,,,,,,,,,10.00,,,,,,,,,,,,,,,,,,,,,,,,,,,,,,,,,,,,,,,,,,,,,,,,,,,,,,,,,,,,,,,,,,,,,28,38,40
WET_P_1_OP_H3,WET_P_1_H3,WET_P,WET_P_1,Mwantimba,WET,P,1,OP,H3,957,-2.350052,34.049976,5/14/2017,7/23/2017,70,71.7,Chr.ori,1,1.4,,,,,,3.00,,,,,,,,,,,,,,,,,,,,,,,,,,,,,,,,,,,,,,,,,,,,,,,,,,,,,,,,,,,,,,,,,,,,,,,,,,,,,,,,,,30,33,35
WET_P_2_EX_H3,WET_P_2_H3,WET_P,WET_P_2,Mwantimba,WET,P,2,EX,H3,959,-2.348488,34.05011,5/14/2017,7/23/2017,70,71.7,Chr.ori,2.2,8.8,,,,,,5.00,,,,,,,,,5.00,,,,,,,,,,,,,,,,,,,,,,,,,,,,,,,,,,,,,,,,,,,,,,,,,,,,,,,,,,,,,,,,,,,,,,,,,25,35,37
WET_P_2_OP_H3,WET_P_2_H3,WET_P,WET_P_2,Mwantimba,WET,P,2,OP,H3,959,-2.348488,34.05011,5/14/2017,7/23/2017,70,71.7,Chr.ori,1.9,1.8,,,,,,5.00,,,,,,,,,,,,,,,,,,,,,,,,,,,,,,,,,,,,,,,,,,,,,,,,,,,,,,,,,,,,,,,,,,,,,,,,,,,,,,,,,,15,20,22
WET_P_3_EX_H3,WET_P_3_H3,WET_P,WET_P_3,Mwantimba,WET,P,3,EX,H3,1022,-2.367293,34.062509,5/14/2017,7/23/2017,70,71.7,Chr.ori,2.8,24,,,,,,15.00,,,,,,,,,,,,,,,,,,,,,,,,,,,,,,,,,,,,,5.00,,,,,,,,,,,,,,,,,,,,,,,,,,,,,,,,,,,,,,,,,,,,,45,65,70
WET_P_3_OP_H3,WET_P_3_H3,WET_P,WET_P_3,Mwantimba,WET,P,3,OP,H3,1022,-2.367293,34.062509,5/14/2017,7/23/2017,70,71.7,Chr.ori,2,4,,,,,,12.00,,,,,,,,,,,,,,,,,,,,,,,,,,,,,,,,,,,,,,,,,,,,,,,,,,,,,,,,,,,,,,,,,,,,,,,,,,,,,,,,,,40,52,55
WET_P_4_EX_H3,WET_P_4_H3,WET_P,WET_P_4,Mwantimba,WET,P,4,EX,H3,1020,-2.36857,34.062586,5/14/2017,7/23/2017,70,71.7,Chr.ori,4.5,13.8,,,,,,5.00,,,,,,,,,,,,,20.00,,,,,,,,,,,,,,,,,,,,,,,,,,,,,,5.00,,,,,,,,,,,,,,,,,,,,,,,,,,,,,,,,,,,,,,,15,45,50
WET_P_4_OP_H3,WET_P_4_H3,WET_P,WET_P_4,Mwantimba,WET,P,4,OP,H3,1020,-2.36857,34.062586,5/14/2017,7/23/2017,70,71.7,Chr.ori,1.7,10.2,,,,,,20.00,,,,,,,,,,,,,,,,,,,,,,,,,,,,,,,,,,,,,,,,,,,,,,,,,,,,,,,,,,,,,,,,,,,,,,,,,,,,,,,,,,18,38,45
DRY_W_1_EX_H3,DRY_W_1_H3,DRY_W,DRY_W_1,Maswa,DRY,W,1,EX,H3,995,-3.299332,34.848458,05.11.2017,7/21/2017,71,9.6,Cyn.dac,1.5,5,,,,,,18.00,,,,,,,,,,,,,,,,,,,,,,,2.00,,,,,,,,,,,,,,,,,,,,,,,,,,,,,,,,,,,,,,,,,,,,,,,,,,,,,,,,,,,10,30,30
DRY_W_1_EX2_H3,DRY_W_1_H3,DRY_W,DRY_W_1,Maswa,DRY,W,1,EX2,H3,995,-3.299332,34.848458,05.11.2017,7/21/2017,71,9.6,Cyn.dac,2,2.4,,,,,,20.00,,,,,,,,,,,,,,,,,,,,,,,,,,,,,,,,,,,,,,2.00,,,,,,,,,,,,,,,,,,,,,,,,,,,,,,,,,,,,,,,,,,,,13,35,35
DRY_W_1_OP_H3,DRY_W_1_H3,DRY_W,DRY_W_1,Maswa,DRY,W,1,OP,H3,995,-3.299332,34.848458,05.11.2017,7/21/2017,71,9.6,Cyn.dac,2,1.4,,,,,,5.00,,,,,,,,,,,,,,,,,,,,,,,,,,,,,,,,,,,,,,,,,,,,,,,,,,,,,,,,,,,,,,,,,,,,,,,,,,,,,,,,,,5,10,13
DRY_W_2_EX_H3,DRY_W_2_H3,DRY_W,DRY_W_2,Maswa,DRY,W,2,EX,H3,980,-3.303268,34.847796,05.11.2017,7/21/2017,71,9.6,Cyn.dac,2.5,4.4,,,,,,8.00,,,,,,,,,,,,,,,,,,,,,,,,7.00,,,,,,,,,,,,,,,,,,,,,,,,,,,,,,,,,,,,,,,,,,,,,,,,,,,,,,,,,,5,20,20
DRY_W_2_EX2_H3,DRY_W_2_H3,DRY_W,DRY_W_2,Maswa,DRY,W,2,EX2,H3,980,-3.303268,34.847796,05.11.2017,7/21/2017,71,9.6,Cyn.dac,2,5.6,,,,,,7.00,,,,,,,,,,,,,,,,6.00,,,,,,,,,,,,,,,,,,,,,,,5.00,,,,,,,,,,,,,,,,,,,,,,,,,,,,,,,,,,,,,,,,,,,7,25,25
DRY_W_2_OP_H3,DRY_W_2_H3,DRY_W,DRY_W_2,Maswa,DRY,W,2,OP,H3,980,-3.303268,34.847796,05.11.2017,7/21/2017,71,9.6,Cyn.dac,,1.4,,,,,,4.00,,,,,,,,,,,,,,,,,,,,,,,,3.00,,,,,,,,,,,,,,,,,,,,,,,,,,,,,,,,,,,,,,,,,,,,,,,,,,,,,,,,,,3,10,10
DRY_W_3_EX_H3,DRY_W_3_H3,DRY_W,DRY_W_3,Maswa,DRY,W,3,EX,H3,998,-3.295645,34.852435,05.11.2017,7/21/2017,71,9.6,Cyn.dac,2.5,1,,,,,,,,,,2.00,,,,,,,,,,2.00,,3.00,,,,,,,,,,,,,,,,,,,,,,,,,,,,,,,,,,,,,,,,,,,,,,,,,,,,,,,,,,,,,,,,,,10,17,17
DRY_W_3_EX2_H3,DRY_W_3_H3,DRY_W,DRY_W_3,Maswa,DRY,W,3,EX2,H3,998,-3.295645,34.852435,05.11.2017,7/21/2017,71,9.6,Cyn.dac,2,2.7,,,,,,4.00,,,,,,,,,,,,,,,,5.00,,,,,,,1.00,,,,,,,,,,,,,,,,2.00,,,,,,,,,,,,,,,,,,,,,,,,,,,,,,,,,,,,,,,,,,,3,15,15
DRY_W_3_OP_H3,DRY_W_3_H3,DRY_W,DRY_W_3,Maswa,DRY,W,3,OP,H3,998,-3.295645,34.852435,05.11.2017,7/21/2017,71,9.6,Cyn.dac,1.5,3.6,2.00,,,,,,,,,,,,,,,,,,,,,,,,,,,,,,,,,,,,,,,,,,,,,,,,,2.00,,,,,,,,,,,,,,,,,,,,,,,,,,,,,,,,,,,,,,11,15,15
DRY_W_4_EX_H3,DRY_W_4_H3,DRY_W,DRY_W_4,Maswa,DRY,W,4,EX,H3,1000,-3.296013,34.854327,05.11.2017,7/21/2017,71,16.58,Cyn.dac,,1,,,,,,,,,,2.00,,,,,,,,,,,,,,,,,,,,,,,,,,,,,,,,,,,,,,,,,,,,,,,,,,,,,,,,,,,,,,,,,,,,,,,,,,,,,,5,7,7
DRY_W_4_EX2_H3,DRY_W_4_H3,DRY_W,DRY_W_4,Maswa,DRY,W,4,EX2,H3,1000,-3.296013,34.854327,05.11.2017,7/21/2017,71,16.58,Cyn.dac,1.5,3.8,,,,,,2.00,,,,,,,,,,,,,,,,,,,,,,,,5.00,,,,,,,,,,,,,,,5.00,,3.00,,,,,,,,,,,,,,,,,,,,,,,,,,,,,,,,,,,,,,,,,15,30,30
DRY_W_4_OP_H3,DRY_W_4_H3,DRY_W,DRY_W_4,Maswa,DRY,W,4,OP,H3,1000,-3.296013,34.854327,05.11.2017,7/21/2017,71,16.58,Cyn.dac,1.7,3.2,,,,,,2.00,,,,,,,,,,,,,,,,,,,,,,5.00,,,2.00,,,,,,,,,,,,,,1.00,,,,,,,,,,,,,,,,,,,,,,,,,,,,,,,,,,,,,,,,,,,15,25,25
DRY_P_1_EX_H3,DRY_P_1_H3,DRY_P,DRY_P_1,Makao,DRY,P,1,EX,H3,1009,-3.303212,34.847736,05.09.2017,7/22/2017,74,6.67,Chl.pyc,2,7.2,5.00,,,,,,,,,,,,,,,,,,,,,,,,,,5.00,,,,,,,,,,,,,,,,,,,,,,,,,,,,,,,,,,,,,,,,,,,,,,,,,,,,,,,,,,,,,35,45,55
DRY_P_1_OP_H3,DRY_P_1_H3,DRY_P,DRY_P_1,Makao,DRY,P,1,OP,H3,1009,-3.303212,34.847736,05.09.2017,7/22/2017,74,6.67,Chl.pyc,,1,,,,,,,,,,,,,,,,,,,,,,,,,,,,,,,,,,,,,,,,,,,,,,,,,,,,,,,,,,,,,,,,,,,,,,,,,,,,,,,,,,,,,,,,12,12,20
DRY_P_2_EX_H3,DRY_P_2_H3,DRY_P,DRY_P_2,Makao,DRY,P,2,EX,H3,1006,-3.408426,34.850244,05.09.2017,7/22/2017,74,6.67,Chl.pyc,1.5,4.8,,,,,,,,,,,,,,,,,,,,,,,,,,,,,,5.00,,,,,,,,,,,,,,,,,,,,,,,,,,,,,,,,,,,,,,,,,,,,,,,,,,,,,,,,,,8,13,15
DRY_P_2_OP_H3,DRY_P_2_H3,DRY_P,DRY_P_2,Makao,DRY,P,2,OP,H3,1006,-3.408426,34.850244,05.09.2017,7/22/2017,74,6.67,Chl.pyc,1.5,0.9,,,,,,,,,,,,,,,,,,,,,,,,,,,,,10.00,,,,,,,,,,,,,,,,,,,,,,,,,,,,,,,,,,,,,,,,,,,,,,,,,,,,,,,,,,,2,12,15
DRY_P_3_EX_H3,DRY_P_3_H3,DRY_P,DRY_P_3,Makao,DRY,P,3,EX,H3,1001,-3.406316,34.850407,05.09.2017,7/22/2017,74,6.67,Chl.pyc,1,1.8,,,,,,,,,,,,,,,,,,,,,,,,,,,,,10.00,,,,,,,,,,,,,,,,,,,,,,,,,,,,,,,,,,,,,,,,,,,,,,,,,,,,,,,,,,,10,20,25
DRY_P_3_OP_H3,DRY_P_3_H3,DRY_P,DRY_P_3,Makao,DRY,P,3,OP,H3,1001,-3.406316,34.850407,05.09.2017,7/22/2017,74,6.67,Chl.pyc,1,0.6,,,,,,,,,,,,,,,,,,,,,,,,,,,,,,,,,,,,,,,,,,,,,,,2.00,,3.00,,,,,,,,,,,,,,,,,,,,,,,,,,,,,,,,,,,,,,,7,12,12
DRY_P_4_EX_H3,DRY_P_4_H3,DRY_P,DRY_P_4,Makao,DRY,P,4,EX,H3,1003,-3.406853,34.8516,05.09.2017,7/22/2017,74,6.67,Chl.pyc,1,1.8,,,,,,,,,,,,,,,,,,,,,,,,,,,,,15.00,,,,,,,,,,,,,,,,,,,,,,,,,,,,,,,,,,,,,,,,,,,,,,,,,,,,,,,,,,,7,22,25
DRY_P_4_OP_H3,DRY_P_4_H3,DRY_P,DRY_P_4,Makao,DRY,P,4,OP,H3,1003,-3.406853,34.8516,05.09.2017,7/22/2017,74,6.67,Chl.pyc,0.4,0.9,,,,,,,,,,,,,,,,,,,,,,,,,,,,,2.00,,,,,,,,,,,,,,,,,,1.00,,,,,,,,,,,,,,,,,,,,,,,,,,,,,,,,,,,,,,,,,4,7,7
SE_1_EX_H3,SE_1_H3,SE,SE_1,Seronera,SE,W,1,EX,H3,1023,-2.437747,34.855162,5/17/2017,7/26/2017,70,65.34,Dig.mac,6,10.6,,,,10.00,,,,,,,,,,,,,30.00,,,,,,,,,,,,,,,,,,,,,,,,,,,,,,,,,,,,,,,,,,,,,,,,,,,,,,,,,,,,,,,,,,,,,,,30,70,65
SE_1_EX2_H3,SE_1_H3,SE,SE_1,Seronera,SE,W,1,EX2,H3,1023,-2.437747,34.855162,5/17/2017,7/26/2017,70,65.34,Dig.mac,2.5,6.2,,,,,,,,,,,,,,,,,5.00,,20.00,,,,,,,,,,,,,,,,,,,,,,,,,,,,,,,,,,,,,,,,,,,,,,,,,,,,,,,,,,,,,,,,,,,,,20,45,30
SE_1_OP_H3,SE_1_H3,SE,SE_1,Seronera,SE,W,1,OP,H3,1023,-2.437747,34.855162,5/17/2017,7/26/2017,70,65.34,Dig.mac,3.5,4.4,,,,,,,,,,,,,,,,,,,,,,,,,,,,,,,,,,,5.00,,,,,,,,,,,,,,,,,,,,,,,,,,,,,,,,,,,,,,,,,,,,,,,,,,,,,20,25,30
SE_2_EX_H3,SE_2_H3,SE,SE_2,Seronera,SE,W,2,EX,H3,1025,-2.437766,34.855394,5/17/2017,7/26/2017,70,65.34,Dig.mac,2.5,3.8,,,,,,,,,,,,,,,,,5.00,,,,,,,,,,,,,,,,,,,,,,,,,,,,,,,,,,,,,,,,,,,,,,,,,,,,,,,,,,,,,,,,,,,,,,,12,17,20
SE_2_EX2_H3,SE_2_H3,SE,SE_2,Seronera,SE,W,2,EX2,H3,1025,-2.437766,34.855394,5/17/2017,7/26/2017,70,65.34,Dig.mac,2.1,9.6,,,,,,,,10.00,,,,,,,,,15.00,,,,,,,,,,,,,,,,,,,,,,,,,,,,,,,,,,,,,,,,,,,,,,,,,,,,,,,,,,,,,,,,,,,,,,,10,35,40
SE_2_OP_H3,SE_2_H3,SE,SE_2,Seronera,SE,W,2,OP,H3,1025,-2.437766,34.855394,5/17/2017,7/26/2017,70,65.34,Dig.mac,2.2,5.4,,,,,,,,,,,,,,,,,5.00,,,,,,,,,,,,,,,,,,,,,,,,,,,,,,,,,,,,,,,,,,,,,,,,,,,,,,,,,,,,,,,,,,,,,,,18,23,25
SE_3_EX_H3,SE_3_H3,SE,SE_3,Seronera,SE,W,3,EX,H3,1027,-2.437991,34.855418,5/17/2017,7/26/2017,70,65.34,Dig.mac,2.2,9.2,,,,,,,,,,,,,,,,,8.00,,,,,,,,,,,,,,,,,,,,,,,,,,,,,,,,,,,,,,,,,,,,,,,,,,,,,,,,,,,,,,,,,,,,,,,12,20,23
SE_3_EX2_H3,SE_3_H3,SE,SE_3,Seronera,SE,W,3,EX2,H3,1027,-2.437991,34.855418,5/17/2017,7/26/2017,70,65.34,Dig.mac,2.2,6.6,,,,,,,,,,,,,,,,,20.00,,,,,,,,,,,,,,,,,,,,,,,,,,,,,,,,,,,,,,,,,,,,,,,,,,,,,,,,,,,,,,,,,,,,,,,10,30,35
SE_3_OP_H3,SE_3_H3,SE,SE_3,Seronera,SE,W,3,OP,H3,1027,-2.437991,34.855418,5/17/2017,7/26/2017,70,65.34,Dig.mac,2.5,5.4,,,,,,,,,,,,,,,,,15.00,,,,,,,,,,,,,,,,,,,,,,,,,,,,,,,,,,,,,,,,,,,,,,,,,,,,,,,,,,,,,,,,,,,,,,,8,23,25
SE_4_EX_H3,SE_4_H3,SE,SE_4,Seronera,SE,W,4,EX,H3,1026,-2.438079,34.854989,5/17/2017,7/26/2017,70,65.34,Dig.mac,3.5,7.4,,,,,,,,,,,,,,,,,5.00,,,,,,,,,,,,,,,,,,,,,,,,,,,,,,,,,,,,,,,,,,,,,,,,,,,,,,,,,,,,,,,,,,,,,,,25,30,35
SE_4_EX2_H3,SE_4_H3,SE,SE_4,Seronera,SE,W,4,EX2,H3,1026,-2.438079,34.854989,5/17/2017,7/26/2017,70,65.34,Dig.mac,1,6,,,,,,,,,,,,,,,,,15.00,,,,,,,,,,,,,,,,,,,,,,,,,,,,,,,,,,,,,,,,,,,,,,,,,,,,,,,,,,,,,,,,,,,,,,,12,27,27
SE_4_OP_H3,SE_4_H3,SE,SE_4,Seronera,SE,W,4,OP,H3,1026,-2.438079,34.854989,5/17/2017,7/26/2017,70,65.34,Dig.mac,2.5,2.2,,,,,,,,,,,,,,,,,5.00,,,,,,,,,,,,,,,,,,,,,,,,,,,,,,,,,,,,,,,,,,,,,,,,,,,,,,,,,,,,,,,,,,,,,,,10,15,17
WET_W_1_EX_H4,WET_W_1_H4,WET_W,WET_W_1,Handajega,WET,W,1,EX,H4,954,-2.272484,34.023326,7/24/2017,10.01.2017,69,162.63,The.tri,5.5,19.6,,4.00,,,,,,4.00,,,,20.00,,,,,,,,,,,,,,,,,,,,,,,,,,,,,,,,,,,,,,,,,,,,,,,,,,,,,,,,,,,,,,,,,,,,,,,,,,,,17,45,50
WET_W_1_OP_H4,WET_W_1_H4,WET_W,WET_W_1,Handajega,WET,W,1,OP,H4,954,-2.272484,34.023326,7/24/2017,10.01.2017,69,162.63,The.tri,4,7.4,,,,,,,,,,10.00,,,,,,,,,,,,,,,,,,,,,,,,,,,,,,,,,,,,,,,,,,5.00,,,,,,,,,,,,,,,,,,,,,,,,,,,,,,,,,,,,10,25,36
WET_W_2_EX_H4,WET_W_2_H4,WET_W,WET_W_2,Handajega,WET,W,2,EX,H4,953,-2.2783,34.024459,7/24/2017,10.01.2017,69,162.63,The.tri,3.5,6.2,,,,,,,33.00,,,,,,,,,,,,,,,,,,,,,,,,,,,,,,,,,,,,,,,,,,,,,,,,,,,,,,,,,,,,,,,,,,,,,,,,,,,,,,,,,5,38,45
WET_W_2_OP_H4,WET_W_2_H4,WET_W,WET_W_2,Handajega,WET,W,2,OP,H4,953,-2.2783,34.024459,7/24/2017,10.01.2017,69,162.63,The.tri,3.3,4.5,,,,,,,14.00,,,,,,,,,,,,,,,,,,,,,,,,,,,,,,,,,,,,,,,,,,,,,,,,,,,,,,,,,,,,,,,,,,,,,,,,,,,,,,,,,17,31,35
WET_W_3_EX_H4,WET_W_3_H4,WET_W,WET_W_3,Handajega,WET,W,3,EX,H4,951,-2.277999,34.027678,7/24/2017,10.01.2017,69,162.63,The.tri,2,8.6,,2.00,,,,,16.00,5.00,,,,,,,,,,,,,,,,,,,,,,,,,,,,,,,,,,,,,,,,,,,,,,,,,,,,,,,,,,,,,,,,,,,,,,,,,,,,,,,,8,31,30
WET_W_3_OP_H4,WET_W_3_H4,WET_W,WET_W_3,Handajega,WET,W,3,OP,H4,951,-2.277999,34.027678,7/24/2017,10.01.2017,69,162.63,The.tri,9.7,12.9,,,,,,,,,10.00,,,25.00,,,,,,,,,,,,,,,,,,,,,,,,,,,,,,,,,,,,,,,,,,,,,,,,,,,,,,,,,,,,,,,,,,,,,,,,,,,,10,45,50
WET_W_4_EX_H4,WET_W_4_H4,WET_W,WET_W_4,Handajega,WET,W,4,EX,H4,950,-2.278837,34.031884,7/24/2017,10.01.2017,69,162.63,The.tri,6.1,16.2,,,,,,,,,,,,,,,,,6.00,,,,,,,,,,,,,,,,,,,,,,,,,,,,,,,,,,,,,,,,,,,,,,,,,,,,,,,,,,,,,,,,,,,,,,,44,50,50
WET_W_4_OP_H4,WET_W_4_H4,WET_W,WET_W_4,Handajega,WET,W,4,OP,H4,950,-2.278837,34.031884,7/24/2017,10.01.2017,69,162.63,The.tri,2.1,3.8,,,,,,,15.00,7.00,,,,,,,,,3.00,,,,,,,,,,,,,,,,,,,,,,,,,,,,,,,,,,,,,,,,,,,,,,,,,,,,,,,,,,,,,,,,,,,,,,,5,30,30
WET_P_1_EX_H4,WET_P_1_H4,WET_P,WET_P_1,Mwantimba,WET,P,1,EX,H4,957,-2.350052,34.049976,7/23/2017,9/30/2017,69,136.27,Chr.ori,0.25,1.7,,,,,,,,,,,,,,,4.00,,,4.00,,,,,,,,,,,,,,,,,,,,,,,,,,,,,,,,,,,,,,,,,,,,,,,,,,,,,,,,,,,,,,,,,,,,,,34,34,37
WET_P_1_OP_H4,WET_P_1_H4,WET_P,WET_P_1,Mwantimba,WET,P,1,OP,H4,957,-2.350052,34.049976,7/23/2017,9/30/2017,69,136.27,Chr.ori,0,1.7,,,,,,,,,,,,,,,,,,,,,,,,,,,,,,,,,,,,,,,,,,,,,,,,,,,,,,,,,,,,,,,,,,,,,,,,,,,,,,,,,,,,,,,,28,28,30
WET_P_2_EX_H4,WET_P_2_H4,WET_P,WET_P_2,Mwantimba,WET,P,2,EX,H4,959,-2.348488,34.05011,7/23/2017,9/30/2017,69,136.27,Chr.ori,2,2.3,,,,,,,,,,,,,,,4.00,,5.00,,,,,,,,,,,,,,,,,,,,,,,,,,,,,,,,,,,,,,,,,,,,,,,,,,,,,,,,,,,,,,,,,,,,,,,43,52,55
WET_P_2_OP_H4,WET_P_2_H4,WET_P,WET_P_2,Mwantimba,WET,P,2,OP,H4,959,-2.348488,34.05011,7/23/2017,9/30/2017,69,136.27,Chr.ori,0,1.4,,,,,,,,,,,,,,,4.00,,,,,,,,,,,,,,,,,,,,,,,,,,,,,,,,,,,,,,,,,,,,,,,,,,,,,,,,,,,,,,,,,,,,,,,,,21,25,25
WET_P_3_EX_H4,WET_P_3_H4,WET_P,WET_P_3,Mwantimba,WET,P,3,EX,H4,1022,-2.367293,34.062509,7/23/2017,9/30/2017,69,136.27,Chr.ori,1.5,2.6,,,,,,10.00,,,,,,,,,,,,,,,,,,,,,,,,,,,,,,,,,,,,,,,,,,,,,,,,,,,,,,,,,,,,,,,,,,,,,,,,,,,,,,,,,,27,37,48
WET_P_3_OP_H4,WET_P_3_H4,WET_P,WET_P_3,Mwantimba,WET,P,3,OP,H4,1022,-2.367293,34.062509,7/23/2017,9/30/2017,69,136.27,Chr.ori,1.25,1.9,,,,,,,,,,,,,,,,,,,,,,,,,,,,,,,,,,,,,,,,,,,,,,,,,,,,,,,,,,,,,,,,,,,,,,,,,,,,,,,,,,,,,,,,22,22,25
WET_P_4_EX_H4,WET_P_4_H4,WET_P,WET_P_4,Mwantimba,WET,P,4,EX,H4,1020,-2.36857,34.062586,7/23/2017,9/30/2017,69,136.27,Chr.ori,1.4,2.8,,,,,,10.00,,,,,,,,,,,,,,,,,,,,,,,,,,,,,,,,,,,,,,,,,,,,,,,,,,,,,,,,,,,,,,,,,,,,,,,,,,,,,,,,,,20,30,35
WET_P_4_OP_H4,WET_P_4_H4,WET_P,WET_P_4,Mwantimba,WET,P,4,OP,H4,1020,-2.36857,34.062586,7/23/2017,9/30/2017,69,136.27,Chr.ori,1.5,1.4,,,,,,5.00,,,,,,4.00,,,,,,,,,,,,,,,,,,,,,,,,,,,,,,,,,,,,,,,,,,,,,,,,,,,,,,,,,,,,,,,,,,,,,,,,,,,,30,39,40
DRY_W_1_EX_H4,DRY_W_1_H4,DRY_W,DRY_W_1,Maswa,DRY,W,1,EX,H4,995,-3.299332,34.848458,7/21/2017,9/28/2017,69,6.9,Cyn.dac,2,5.4,,,,,,15.00,,,,,,,,,,,,,,,,,,,,,,,,,,,,,,,,,,,,,,,,,,,,,,,,,,,,,,,,,,,,,,,,,,,,,,,,,,,,,,,,,,4,19,22
DRY_W_1_EX2_H4,DRY_W_1_H4,DRY_W,DRY_W_1,Maswa,DRY,W,1,EX2,H4,995,-3.299332,34.848458,7/21/2017,9/28/2017,69,6.9,Cyn.dac,2,5,,,,,,18.00,,,,,,,,,,,,,,,,,12.00,,,,,,,2.00,,,,,,,,,,,,,,,,,,,,,,,,,,,,,,,,,,,,,,,,,,,,,,,,,,,,,,,,,,8,40,40
DRY_W_1_OP_H4,DRY_W_1_H4,DRY_W,DRY_W_1,Maswa,DRY,W,1,OP,H4,995,-3.299332,34.848458,7/21/2017,9/28/2017,69,6.9,Cyn.dac,1,4,,,,,,13.00,,,,,,,,,,,,,,,,,8.00,,,,,,,,,,,,,,,,,,,,,,,,,,,,,,,,,,,,,,,,,,,,,,,,,,,,,,,,,,,,,,,,,5,26,30
DRY_W_2_EX_H4,DRY_W_2_H4,DRY_W,DRY_W_2,Maswa,DRY,W,2,EX,H4,980,-3.303268,34.847796,7/21/2017,9/28/2017,69,6.9,Cyn.dac,2.25,5,,,,,,7.00,,,,,,,,,,,,,,,,,7.00,,,,,,,,,,,,,,,,,,,,,,,,,,,,,,,,,,,,,,,,,,,,,,,,,,,,,,,,,,,,,,,,,10,24,28
DRY_W_2_EX2_H4,DRY_W_2_H4,DRY_W,DRY_W_2,Maswa,DRY,W,2,EX2,H4,980,-3.303268,34.847796,7/21/2017,9/28/2017,69,6.9,Cyn.dac,1.5,2.2,,,,,,4.00,,,,,,,,,,,,,,,,,,,,,,,,,,,,,,,,,,,,,,,,,,,,,,,,,,,,,,,,,,,,,,,,,,,,,,,,,,,,,,,,,,7,11,14
DRY_W_2_OP_H4,DRY_W_2_H4,DRY_W,DRY_W_2,Maswa,DRY,W,2,OP,H4,980,-3.303268,34.847796,7/21/2017,9/28/2017,69,6.9,Cyn.dac,1,1.6,,,,,,,,,,,,,,,,,,,,,,,,,,,,,,,,,,,,,,,,,,,,,,,,,,,,,,,,,,,,,,,,,,,,,,,,,,,,,,,,,,,,,,,,4,4,8
DRY_W_3_EX_H4,DRY_W_3_H4,DRY_W,DRY_W_3,Maswa,DRY,W,3,EX,H4,998,-3.295645,34.852435,7/21/2017,9/28/2017,69,6.9,Cyn.dac,2.5,2,,,,,,,,,,,,,,,,,,,,,,,,,,,,,,,,,,,,,,,,,,,,,,,,,,,,,,,,,,,,,,,,,,,,,,,,,,,,,,,,,,,,,,,,8,8,15
DRY_W_3_EX2_H4,DRY_W_3_H4,DRY_W,DRY_W_3,Maswa,DRY,W,3,EX2,H4,998,-3.295645,34.852435,7/21/2017,9/28/2017,69,6.9,Cyn.dac,1,1,,,,,,,,,,,,,,,,,,,,,,,,,,,,,,,,,,,,,,,,,,,,,,,,,,,,,,,,,,,,,,,,,,,,,,,,,,,,,,,,,,,,,,,,3,3,5
DRY_W_3_OP_H4,DRY_W_3_H4,DRY_W,DRY_W_3,Maswa,DRY,W,3,OP,H4,998,-3.295645,34.852435,7/21/2017,9/28/2017,69,6.9,Cyn.dac,0,1.6,,,,,,,,,,,,,,,,,,,,,,,,,,,,,,,,,,,,,,,,,,,,,,,,,,,,,,,,,,,,,,,,,,,,,,,,,,,,,,,,,,,,,,,,5,5,6
DRY_W_4_EX_H4,DRY_W_4_H4,DRY_W,DRY_W_4,Maswa,DRY,W,4,EX,H4,1000,-3.296013,34.854327,7/21/2017,9/28/2017,69,12.56,Cyn.dac,1.5,1.2,,,,,,,,,,,,,,,,,,,,,,,,,,,,,,,,,,,,,,,,,,,,,,,,,,,,,,,,,,,,,,,,,,,,,,,,,,,,,,,,,,,,,,,,5,5,9
DRY_W_4_EX2_H4,DRY_W_4_H4,DRY_W,DRY_W_4,Maswa,DRY,W,4,EX2,H4,1000,-3.296013,34.854327,7/21/2017,9/28/2017,69,12.56,Cyn.dac,2,1.8,,,,,,,,,,,,,,,,,,,,,,,,,,,,,,,,,,,,,,,,,,,,,,,,,,,,,,,,,,,,,,,,,,,,,,,,,,,,,,,,,,,,,,,,11,11,13
DRY_W_4_OP_H4,DRY_W_4_H4,DRY_W,DRY_W_4,Maswa,DRY,W,4,OP,H4,1000,-3.296013,34.854327,7/21/2017,9/28/2017,69,12.56,Cyn.dac,1.5,1.8,,,,,,4.00,,,,,,,,,,,,,,,,,,,,,,,,,,,,,,,,,,,,,,,,,,,,,,,,,,,,,,,,,,,,,,,,,,,,,,,,,,,,,,,,,,6,10,13
DRY_P_1_EX_H4,DRY_P_1_H4,DRY_P,DRY_P_1,Makao,DRY,P,1,EX,H4,1009,-3.303212,34.847736,7/22/2017,9/27/2017,67,6.53,Chl.pyc,0,0,,,,,,,,,,,,,,,,,,,,,,,,,,,,,,,,,,,,,,,,,,,,,,,,,,,,,,,,,,,,,,,,,,,,,,,,,,,,,,,,,,,,,,,,1,1,5
DRY_P_1_OP_H4,DRY_P_1_H4,DRY_P,DRY_P_1,Makao,DRY,P,1,OP,H4,1009,-3.303212,34.847736,7/22/2017,9/27/2017,67,6.53,Chl.pyc,0,0,,,,,,,,,,,,,,,,,,,,,,,,,,,,,,,,,,,,,,,,,,,,,,,,,,,,,,,,,,,,,,,,,,,,,,,,,,,,,,,,,,,,,,,,1,1,6
DRY_P_2_EX_H4,DRY_P_2_H4,DRY_P,DRY_P_2,Makao,DRY,P,2,EX,H4,1006,-3.408426,34.850244,7/22/2017,9/27/2017,67,6.53,Chl.pyc,0,0,,,,,,,,,,,,,,,,,,,,,,,,,,,,,,,,,,,,,,,,,,,,,,,,,,,,,,,,,,,,,,,,,,,,,,,,,,,,,,,,,,,,,,,,1,1,4
DRY_P_2_OP_H4,DRY_P_2_H4,DRY_P,DRY_P_2,Makao,DRY,P,2,OP,H4,1006,-3.408426,34.850244,7/22/2017,9/27/2017,67,6.53,Chl.pyc,0,0,,,,,,,,,,,,,,,,,,,,,,,,,,,,,,,,,,,,,,,,,,,,,,,,,,,,,,,,,,,,,,,,,,,,,,,,,,,,,,,,,,,,,,,,1,1,4
DRY_P_3_EX_H4,DRY_P_3_H4,DRY_P,DRY_P_3,Makao,DRY,P,3,EX,H4,1001,-3.406316,34.850407,7/22/2017,9/27/2017,67,6.53,Chl.pyc,0,0,,,,,,,,,,,,,,,,,,,,,,,,,,,,,,,,,,,,,,,,,,,,,,,,,,,,,,,,,,,,,,,,,,,,,,,,,,,,,,,,,,,,,,,,1,1,3
DRY_P_3_OP_H4,DRY_P_3_H4,DRY_P,DRY_P_3,Makao,DRY,P,3,OP,H4,1001,-3.406316,34.850407,7/22/2017,9/27/2017,67,6.53,Chl.pyc,,,,,,,,,,,,,,,,,,,,,,,,,,,,,,,,,,,,,,,,,,,,,,,,,,,,,,,,,,,,,,,,,,,,,,,,,,,,,,,,,,,,,,,,,,,0,
DRY_P_4_EX_H4,DRY_P_4_H4,DRY_P,DRY_P_4,Makao,DRY,P,4,EX,H4,1003,-3.406853,34.8516,7/22/2017,9/27/2017,67,6.53,Chl.pyc,0,0,,,,,,,,,,,,,,,,,,,,,,,,,,,,,,,,,,,,,,,,,,,,,,,,,,,,,,,,,,,,,,,,,,,,,,,,,,,,,,,,,,,,,,,,1,1,8
DRY_P_4_OP_H4,DRY_P_4_H4,DRY_P,DRY_P_4,Makao,DRY,P,4,OP,H4,1003,-3.406853,34.8516,7/22/2017,9/27/2017,67,6.53,Chl.pyc,,,,,,,,,,,,,,,,,,,,,,,,,,,,,,,,,,,,,,,,,,,,,,,,,,,,,,,,,,,,,,,,,,,,,,,,,,,,,,,,,,,,,,,,,,,0,
SE_1_EX_H4,SE_1_H4,SE,SE_1,Seronera,SE,W,1,EX,H4,1023,-2.437747,34.855162,7/26/2017,9/25/2017,61,167.09,Dig.mac,5,10.2,,,,,,,,,,,,,,,,,18.00,,,,,,,,,,,,,,,,,,5.00,,,,,,,,,,,,,,,,,,,,,,,,,,,,,,,,,,,,,,,,,,,,,,,,,,,,,20,43,50
SE_1_EX2_H4,SE_1_H4,SE,SE_1,Seronera,SE,W,1,EX2,H4,1023,-2.437747,34.855162,7/26/2017,9/25/2017,61,167.09,Dig.mac,7,15,,,,13.00,,,,,,,,,,,,,,,10.00,,,,,,,,,,,,,,,,,,,,,,,,,,,,,,,,,,,,,,,,,,,,,,,,,,,,,,,,,,,,,,,,,,,,,30,53,70
SE_1_OP_H4,SE_1_H4,SE,SE_1,Seronera,SE,W,1,OP,H4,1023,-2.437747,34.855162,7/26/2017,9/25/2017,61,167.09,Dig.mac,2.5,7,,,,,,,,,,,,,,,,,,,,,,,,,,,,,,,,,,,6.00,,,,,,,,,,,,,,,,,,,,,,,,,,,,,,,,,,,,,,,,,,,,,,,,,,,,,25,31,40
SE_2_EX_H4,SE_2_H4,SE,SE_2,Seronera,SE,W,2,EX,H4,1025,-2.437766,34.855394,7/26/2017,9/25/2017,61,167.09,Dig.mac,5,10.8,,,,5.00,,,,,,,,30.00,,,,,,,,,,,,,,,,,,,7.00,,,,,,,,,,,,,,,,,,,,,,,,,,,,,,,,,,,,,,,,,,,,,,,,,,,,,,,,,12,54,70
SE_2_EX2_H4,SE_2_H4,SE,SE_2,Seronera,SE,W,2,EX2,H4,1025,-2.437766,34.855394,7/26/2017,9/25/2017,61,167.09,Dig.mac,2.75,7.6,,,,,,,,,,,,,,,,,17.00,,,,,,,,,,,,,,,,,,6.00,,,,,,,,,,,,,,,,,,,,,,,,,,,,,,,,,,,,,,,,,,,,,,,,,,,,,8,31,35
SE_2_OP_H4,SE_2_H4,SE,SE_2,Seronera,SE,W,2,OP,H4,1025,-2.437766,34.855394,7/26/2017,9/25/2017,61,167.09,Dig.mac,3.5,6.2,,,,5.00,,,,,,,,,,,,,5.00,,,,,,,,,,,,,,,,,,,,,,,,,,,,,,,,,,,,,,,,,,,,,,,,,,,,,,,,,,,,,,,,,,,,,,,17,27,40
SE_3_EX_H4,SE_3_H4,SE,SE_3,Seronera,SE,W,3,EX,H4,1027,-2.437991,34.855418,7/26/2017,9/25/2017,61,167.09,Dig.mac,5.5,13.4,,,,5.00,,,,,,,,,,,,,20.00,,,,,,,,,,,,,,,,,,,,,,,,,,,,,,,,,,,,,,,,,,,,,,,,,,,,,,,,,,,,,,,,,,,,,,,25,50,60
SE_3_EX2_H4,SE_3_H4,SE,SE_3,Seronera,SE,W,3,EX2,H4,1027,-2.437991,34.855418,7/26/2017,9/25/2017,61,167.09,Dig.mac,2.25,7.2,,,,,,,,,,,,,,,,,15.00,,,,,,,,,,,,,,,,,,,,,,,,,,,,,,,,,,,,,,,,,,,,,,,,,,,,,,,,,,,,,,,,,,,,,,,18,33,35
SE_3_OP_H4,SE_3_H4,SE,SE_3,Seronera,SE,W,3,OP,H4,1027,-2.437991,34.855418,7/26/2017,9/25/2017,61,167.09,Dig.mac,3.5,3.2,,,,,,,,,,,,,,,,,11.00,,,,,,,,,,,,,,,,,,,,,,,,,,,,,,,,,,,,,,,,,,,,,,,,,,,,,,,,,,,,,,,,,,,,,,,10,21,27
SE_4_EX_H4,SE_4_H4,SE,SE_4,Seronera,SE,W,4,EX,H4,1026,-2.438079,34.854989,7/26/2017,9/25/2017,61,167.09,Dig.mac,4,8.6,,,,5.00,,,,,,,,,,,,,7.00,,,,,,,,,,,,,,,,,,,,,,,,,,,,,,,,,,,,,,,,,,,,,,,,,,,,,,,,,,,,,,,,,,,,,,,20,32,40
SE_4_EX2_H4,SE_4_H4,SE,SE_4,Seronera,SE,W,4,EX2,H4,1026,-2.438079,34.854989,7/26/2017,9/25/2017,61,167.09,Dig.mac,5.75,7.8,,,,10.00,,,,,,,,,,,,,5.00,,,,,,,,,,,,,,,,,,,,,,,,,,,,,,,,,,,,,,,,,,,,,,,,,,,,,,,,,,,,,,,,,,,,,,,20,35,40
SE_4_OP_H4,SE_4_H4,SE,SE_4,Seronera,SE,W,4,OP,H4,1026,-2.438079,34.854989,7/26/2017,9/25/2017,61,167.09,Dig.mac,2.5,5.4,,,,,,,,,,,,,,,,,15.00,,,,,,,,,,,,,,,,,,,,,,,,,,,,,,,,,,,,,,,,,,,,,,,,,,,,,,,,,,,,,,,,,,,,,,,12,27,35
WET_W_1_EX_H5,WET_W_1_H5,WET_W,WET_W_1,Handajega,WET,W,1,EX,H5,954,-2.272484,34.023326,10.01.2017,12/14/2017,74,428.22,The.tri,5,63.2,,20.00,,,,,,,,,,,,,,5.00,,,,,,,,,,,,,,,,,,,,,,,,,,,,,,,,,,,,,15.00,,,,,,,,,,,,,,,,,,,,,,,,,,,,,,,,,,,18,58,60
WET_W_1_OP_H5,WET_W_1_H5,WET_W,WET_W_1,Handajega,WET,W,1,OP,H5,954,-2.272484,34.023326,10.01.2017,12/14/2017,74,428.22,The.tri,4,55.2,,5.00,,,,,,,,,10.00,22.00,,,,,,,,,,,,,,,,,,,,,,,,,,,,,,,,,,,,,,,,,,5.00,,,,,,,,,,,,,,,,,,,,,,,,,,,,,,,,,,20,62,65
WET_W_2_EX_H5,WET_W_2_H5,WET_W,WET_W_2,Handajega,WET,W,2,EX,H5,953,-2.2783,34.024459,10.01.2017,12/14/2017,74,428.22,The.tri,3.5,30.2,,15.00,,,,,,,,,,,,,,5.00,,,,,,,,,,,,,,,,,,,,,,,,,,,,10.00,,,,,,,,,,,5.00,,,,,,,,,,,,,,,,,,,,,,,,,,,,,,,,,15,50,55
WET_W_2_OP_H5,WET_W_2_H5,WET_W,WET_W_2,Handajega,WET,W,2,OP,H5,953,-2.2783,34.024459,10.01.2017,12/14/2017,74,428.22,The.tri,5.3,43,,10.00,,,,,,,,,5.00,,,,,7.00,,,,,,,,,20.00,,,,,,,,,,,,,,,,,,,,,,,,,,,,,,,15.00,,,,,,,,,,,,,,,,,,,,,,,,,,,,,,,,30,87,95
WET_W_3_EX_H5,WET_W_3_H5,WET_W,WET_W_3,Handajega,WET,W,3,EX,H5,951,-2.277999,34.027678,10.01.2017,12/14/2017,74,428.22,The.tri,10,55.2,,10.00,,,,,35.00,,,,,,,,,15.00,,,,,,,,,,,,,,,,,,,,,,,,,,,,,,,,,,,,,,,,,,,,,,,,,,,,,,,,,,,,,,,,,,,,,,,,20,80,85
WET_W_3_OP_H5,WET_W_3_H5,WET_W,WET_W_3,Handajega,WET,W,3,OP,H5,951,-2.277999,34.027678,10.01.2017,12/14/2017,74,428.22,The.tri,4,23,,10.00,,,,,,,,,,,,,,10.00,,,,,,,,,,,,,,,,,,,,,,,,,,,,,,,,,,,,,,,,,,,,,,,,,,,,,,,,,,,,,,,,,,,,,,,,40,60,65
WET_W_4_EX_H5,WET_W_4_H5,WET_W,WET_W_4,Handajega,WET,W,4,EX,H5,950,-2.278837,34.031884,10.01.2017,12/14/2017,74,428.22,The.tri,9.5,51.6,,10.00,,,,,,,,,,,,,,,,,,,,,,,,,,,,,,,,,,,,,,,,,,,,,,,,,,20.00,,,,,,,,,,,,,,,,,,,,,,,,,,,,,,,,,,,,55,85,92
WET_W_4_OP_H5,WET_W_4_H5,WET_W,WET_W_4,Handajega,WET,W,4,OP,H5,950,-2.278837,34.031884,10.01.2017,12/14/2017,74,428.22,The.tri,5,49,,5.00,,,,,,,,,,,,,,,,,,,,,,,,,,,,,,,,,,,,,,,,,,,,,,,,,,,,,,,,,,,,,,,,,,,,,,,,,,,,,,,,,,,,,,50,55,55
WET_P_1_EX_H5,WET_P_1_H5,WET_P,WET_P_1,Mwantimba,WET,P,1,EX,H5,957,-2.350052,34.049976,9/30/2017,12/13/2017,74,512.07,Chr.ori,3,9.6,,,,,,,,,,,,,,,,,,,,,,,,,,,,,,,,,,,,,,,,,,,,,,,,,,,,,,,,,12.00,,,,,,,,,,,,,,,,,,,,,,,,,,,,,,,80,92,95
WET_P_1_OP_H5,WET_P_1_H5,WET_P,WET_P_1,Mwantimba,WET,P,1,OP,H5,957,-2.350052,34.049976,9/30/2017,12/13/2017,74,512.07,Chr.ori,1,1.8,,,,,,,,,,,,,,,,,,,,,,,,,,,,,,,,,,,,,,,,,,,,,,,,,,,,,,,,,5.00,,,,,,,,,,,,,,,,,,,,,,,,,,,,,,,85,90,95
WET_P_2_EX_H5,WET_P_2_H5,WET_P,WET_P_2,Mwantimba,WET,P,2,EX,H5,959,-2.348488,34.05011,9/30/2017,12/13/2017,74,512.07,Chr.ori,4.5,20.2,,,,,,,,,,,,,,,,,,,,,,,,,,,,,,,,,,,,,,,,,,,,,,,,,,,,,,,,,,,,,,,,,,,,,,,,,,,,,,,,,,,,,,20.00,,65,85,92
WET_P_2_OP_H5,WET_P_2_H5,WET_P,WET_P_2,Mwantimba,WET,P,2,OP,H5,959,-2.348488,34.05011,9/30/2017,12/13/2017,74,512.07,Chr.ori,2.4,4.2,,,,,,,,,,,,,,,,,,,,,,,,,,,,,,,,,,,,,,,,,,,,,,,,,,,,,,,,,,,,,,,,,,,,,,,,,,,,,,,,,,,,,,12.00,,60,72,72
WET_P_3_EX_H5,WET_P_3_H5,WET_P,WET_P_3,Mwantimba,WET,P,3,EX,H5,1022,-2.367293,34.062509,9/30/2017,12/13/2017,74,512.07,Chr.ori,2,4.8,,,,,,,,,,,,,,,,,,,,,,,,,,,,,,,,,,,,,,,,,,,5.00,,,,,,,,,,,,,,,5.00,,,,,,,,,,,,,,,,,,,,,,,,,,,,,,85,95,97
WET_P_3_OP_H5,WET_P_3_H5,WET_P,WET_P_3,Mwantimba,WET,P,3,OP,H5,1022,-2.367293,34.062509,9/30/2017,12/13/2017,74,512.07,Chr.ori,2,2.4,,,,,,,,,,,,,,,,,,,,,,,,,,,,,,,,,,,,,,,,,,,,,,,,,,,,,,,,,,,,,,,,,,,,,,,,,,,,,,,,,,,,,,,,68,68,75
WET_P_4_EX_H5,WET_P_4_H5,WET_P,WET_P_4,Mwantimba,WET,P,4,EX,H5,1020,-2.36857,34.062586,9/30/2017,12/13/2017,74,512.07,Chr.ori,3.5,27.1,,,,,,,,,,,,,15.00,,,,,,,,,,,,,,,,,,,,,,,,,,,,,,,,,,,,,,,,,,,,,,7.00,,,,,,,,,,,,,,,,,,,,,,,,,,,,,55,77,85
WET_P_4_OP_H5,WET_P_4_H5,WET_P,WET_P_4,Mwantimba,WET,P,4,OP,H5,1020,-2.36857,34.062586,9/30/2017,12/13/2017,74,512.07,Chr.ori,1.5,4.3,,,,,,,,,,,,,5.00,,,,,,,5.00,,,,,,,,,,,,,,,,,,,,,,,,,,,,,,,,,,,,,,,,,,,,,,,,,,,,,,,,,,,,,,,,,,,,55,65,65
DRY_W_1_EX_H5,DRY_W_1_H5,DRY_W,DRY_W_1,Maswa,DRY,W,1,EX,H5,995,-3.299332,34.848458,9/28/2017,12.11.2017,74,151.07,Cyn.dac,2.5,4.2,,,,,,,,,,,,,,,,,,,,5.00,,,,,,,,,,,,,,,,,,,,,,,,,,,,,,,,,,,,,,,,,,,,,,,,,,,,,,,,,,,,,,,,,,,,15,20,20
DRY_W_1_EX2_H5,DRY_W_1_H5,DRY_W,DRY_W_1,Maswa,DRY,W,1,EX2,H5,995,-3.299332,34.848458,9/28/2017,12.11.2017,74,151.07,Cyn.dac,3,10.3,,,,,,,,,,,,,5.00,,,,,,,7.00,,,,,,,25.00,,,,,,,,,,,,,,,,,,,,,,,,,,,,,,,,,,,,,,,,,,,,,,,,,,,,,,,,,,,,,15,52,60
DRY_W_1_OP_H5,DRY_W_1_H5,DRY_W,DRY_W_1,Maswa,DRY,W,1,OP,H5,995,-3.299332,34.848458,9/28/2017,12.11.2017,74,151.07,Cyn.dac,3.5,0.8,,,,,,,,,,,,,,,,,,,,5.00,,,,,,,,,,,,,,,,,,,,,,,,,,,,,,,,,,,,,,,,,,,,,,,,,,,,,,,,,,,,,,,,,,,,5,10,10
DRY_W_2_EX_H5,DRY_W_2_H5,DRY_W,DRY_W_2,Maswa,DRY,W,2,EX,H5,980,-3.303268,34.847796,9/28/2017,12.11.2017,74,151.07,Cyn.dac,2,4.2,,,,,,,,,,,,,,,,,,,,5.00,,,,,,,,,,,,,,,,,,,,,,,,,,,,,,,,,,,,,,,,,,,,,,,,,,,,,,,,,,,,,,,,,,,,20,25,28
DRY_W_2_EX2_H5,DRY_W_2_H5,DRY_W,DRY_W_2,Maswa,DRY,W,2,EX2,H5,980,-3.303268,34.847796,9/28/2017,12.11.2017,74,151.07,Cyn.dac,1.5,3.9,,,,,,,,,,,,,,,,,,,,25.00,,,,,,,,,,,5.00,,,,,,,,,,,,,,,,,,,,,,,,,,,,,,,,,,,,,,,,,,,,,,,,,,,,,,,,,12,42,45
DRY_W_2_OP_H5,DRY_W_2_H5,DRY_W,DRY_W_2,Maswa,DRY,W,2,OP,H5,980,-3.303268,34.847796,9/28/2017,12.11.2017,74,151.07,Cyn.dac,1,1.8,,,,,,,,,,,,,,,,,,,,7.00,,,,,,,,,,,5.00,,,,,,,,,,,,,,,,,,,,,,,,,,,,,,,,,,,,,,,,,,,,,,,,,,,,,,,,,8,20,26
DRY_W_3_EX_H5,DRY_W_3_H5,DRY_W,DRY_W_3,Maswa,DRY,W,3,EX,H5,998,-3.295645,34.852435,9/28/2017,12.11.2017,74,151.07,Cyn.dac,1,0.9,,,,,,,,,,,,,,,,,,,,18.00,,,,,,,,,,,,,,,,,,,,,,,,,,,,,,,,,,,,,,,,7.00,,,,,,,,,,,,,,,,,,,,,,,,,,,,8,33,35
DRY_W_3_EX2_H5,DRY_W_3_H5,DRY_W,DRY_W_3,Maswa,DRY,W,3,EX2,H5,998,-3.295645,34.852435,9/28/2017,12.11.2017,74,151.07,Cyn.dac,2,2.5,,,,,,,,,,,,,,,,,,,,10.00,,,,,,,,,,,7.00,,,,,,,,,,,,,,,,,,,,,,,,,,,,,,,,,,,,,,,,,,,,,,,,,,,,,,,,,10,27,35
DRY_W_3_OP_H5,DRY_W_3_H5,DRY_W,DRY_W_3,Maswa,DRY,W,3,OP,H5,998,-3.295645,34.852435,9/28/2017,12.11.2017,74,151.07,Cyn.dac,2.5,1.9,,,,,,,,,,,,,,,,,,,,5.00,,,,,,,,,,,,,,,,,,,,,,,,,,,,,,,,,,,,,,,,,,,,,,,,,,,,,,,,,,,,,,,,,,,,5,10,10
DRY_W_4_EX_H5,DRY_W_4_H5,DRY_W,DRY_W_4,Maswa,DRY,W,4,EX,H5,1000,-3.296013,34.854327,9/28/2017,12.11.2017,74,214.85,Cyn.dac,1,5.1,,,,,,,,,,,,,,,,,,,,5.00,,,,,,,,,,,,,,,,,,,,,,,,,,,,,,,,,,,,,,,,,,,,,,,,,,,,,,,,,,,,,,,,,,,,15,20,20
DRY_W_4_EX2_H5,DRY_W_4_H5,DRY_W,DRY_W_4,Maswa,DRY,W,4,EX2,H5,1000,-3.296013,34.854327,9/28/2017,12.11.2017,74,214.85,Cyn.dac,1,5.2,,,,,,,,,,,,,,,,,,,,25.00,,,,,,,,,,,,,,,,,,,,,,,,,,,,,,,,,,,,,,,,,,,,,,,,,,,,,,,,,,,,,,,,,,,,20,45,45
DRY_W_4_OP_H5,DRY_W_4_H5,DRY_W,DRY_W_4,Maswa,DRY,W,4,OP,H5,1000,-3.296013,34.854327,9/28/2017,12.11.2017,74,214.85,Cyn.dac,1.5,2.6,,,,,,,,,,,,,,,,,,,,15.00,,,,,,,,,,,,,,,,,,,,,,,,,,,,,,,,,,,,,,,,,,,,,,,,,,,,,,,,,,,,,,,,,,,,25,40,40
DRY_P_1_EX_H5,DRY_P_1_H5,DRY_P,DRY_P_1,Makao,DRY,P,1,EX,H5,1009,-3.303212,34.847736,9/27/2017,12.10.2017,74,128.55,Chl.pyc,0.8,1.6,,,,,,,,,,,,,5.00,,,,,,,,,,,,,,,,,,,,,,,,,,,,,,,,,,,,,,,,,,,,,,,,,,,,,,,,,,,,,,,,,,,,,,,,,,,10,15,25
DRY_P_1_OP_H5,DRY_P_1_H5,DRY_P,DRY_P_1,Makao,DRY,P,1,OP,H5,1009,-3.303212,34.847736,9/27/2017,12.10.2017,74,128.55,Chl.pyc,0,0.8,,,,,,,,,,,,,5.00,,,,,,,,,,,,,,,,,,,,,,,,,,,,,,,,,,,,,,,,,,,,,,,,,,,,,,,,,,,,,,,,,,,,,,,,,,,15,20,35
DRY_P_2_EX_H5,DRY_P_2_H5,DRY_P,DRY_P_2,Makao,DRY,P,2,EX,H5,1006,-3.408426,34.850244,9/27/2017,12.10.2017,74,128.55,Chl.pyc,2.9,3.3,,,5.00,,,,,,,,,,5.00,,,,,,,,,,,,7.00,,,,,,,,,,,,,,,,,,,,,,,,,,,,,,,,,,,,7.00,,,,,,,,,,,,,,,,,,,,,,,,,,,5,29,35
DRY_P_2_OP_H5,DRY_P_2_H5,DRY_P,DRY_P_2,Makao,DRY,P,2,OP,H5,1006,-3.408426,34.850244,9/27/2017,12.10.2017,74,128.55,Chl.pyc,0,0.7,,,,,,,,,,,,,,,,,,,,,,,,,,,,,,,5.00,,,,,,,,,,,,,,,,,,,,,,,,,,,,,,,,,,,,,,,,,,,,,,,,,,,,,,,,,4,9,10
DRY_P_3_EX_H5,DRY_P_3_H5,DRY_P,DRY_P_3,Makao,DRY,P,3,EX,H5,1001,-3.406316,34.850407,9/27/2017,12.10.2017,74,128.55,Chl.pyc,0.5,2.5,,10.00,,,,,,,,,,,,,,,,,,,,,,,,,,,,,,,,,,,,,,,,,,,,,,,,,,,,,,,,,,,,,,,,,,,,,,,,,,,,,,,,,,,,,,5,15,18
DRY_P_3_OP_H5,DRY_P_3_H5,DRY_P,DRY_P_3,Makao,DRY,P,3,OP,H5,1001,-3.406316,34.850407,9/27/2017,12.10.2017,74,128.55,Chl.pyc,0,1.74,,,,,,,,,,,,,5.00,,,,,,,,,,,,,,,,,,7.00,,,,,,,,,,,,,,,,,,,,,,,,,,,,,,,,,,,,,,,,,,,,,,,,,,,,,,,,,7,19,20
DRY_P_4_EX_H5,DRY_P_4_H5,DRY_P,DRY_P_4,Makao,DRY,P,4,EX,H5,1003,-3.406853,34.8516,9/27/2017,12.10.2017,74,128.55,Chl.pyc,0.5,3.2,,5.00,,,,,,,,,,,,,,,,,,,,,,,18.00,,,,,,,,,,,,,,,,,,,,,,,,,,,,,,,,,,,5.00,,,,,,,,,,,,,,,,,,,,,,,,,,,,5,33,35
DRY_P_4_OP_H5,DRY_P_4_H5,DRY_P,DRY_P_4,Makao,DRY,P,4,OP,H5,1003,-3.406853,34.8516,9/27/2017,12.10.2017,74,128.55,Chl.pyc,0.5,1.1,,5.00,,,,,,,,,,,,,,,,,,,,,,,,,,,,,3.00,,,,,,,,,,,,,,,,,,,,,,,,,,,,,,,,,,,,,,,,,,,,,,,,,,,,,,,,,18,26,32
SE_1_EX_H5,SE_1_H5,SE,SE_1,Seronera,SE,W,1,EX,H5,1023,-2.437747,34.855162,9/25/2017,12/15/2017,81,265.08,Dig.mac,5,15,,,,10.00,,,,,,,,,,,,,5.00,,,,,,,,5.00,,,,,,,,,,,,,,,,,,,,,,,,,,,,,,,,,,,,,10.00,,,,,,,,,,,,,,,,,,,,,,,,,,20,50,50
SE_1_EX2_H5,SE_1_H5,SE,SE_1,Seronera,SE,W,1,EX2,H5,1023,-2.437747,34.855162,9/25/2017,12/15/2017,81,265.08,Dig.mac,5,21.9,,,,5.00,,,,,,,,,,,,,5.00,,,,,,,,,,,,,,,,,,,,,,,,,,,,,,,,,,,,,,,,,,,,,,,,,,,,,,,,,,,,,,,,,,,,,,,25,35,35
SE_1_OP_H5,SE_1_H5,SE,SE_1,Seronera,SE,W,1,OP,H5,1023,-2.437747,34.855162,9/25/2017,12/15/2017,81,265.08,Dig.mac,3.5,0.5,,,5.00,,,,,,,,,,,,,,,5.00,,,,,,,,,,,,,,,,,,,,,,,,,,,,,,,,,,,,,,,,,,,5.00,10.00,,,,,,,,,,,,,,,,,,,,,,,,,,20,45,40
SE_2_EX_H5,SE_2_H5,SE,SE_2,Seronera,SE,W,2,EX,H5,1025,-2.437766,34.855394,9/25/2017,12/15/2017,81,265.08,Dig.mac,4,17.6,,,,10.00,,,,,,,,,,,,,7.00,,,,,,,,5.00,,,,,,,,,,,,,,,,,,,,,,,,,,,,,,,,,,,5.00,,,,,,,,,,,,,,,,,,,,,,,,,,,,20,47,47
SE_2_EX2_H5,SE_2_H5,SE,SE_2,Seronera,SE,W,2,EX2,H5,1025,-2.437766,34.855394,9/25/2017,12/15/2017,81,265.08,Dig.mac,6,31.2,,5.00,,20.00,,,,,,,,,,,,20.00,,5.00,,,,,,,,,,,,,5.00,,,,,,,,,,,,,,,,,,,,,,,,,,,,,,,,,,,,,,,,,,,,,,,,,,,,,,,,,7,62,62
SE_2_OP_H5,SE_2_H5,SE,SE_2,Seronera,SE,W,2,OP,H5,1025,-2.437766,34.855394,9/25/2017,12/15/2017,81,265.08,Dig.mac,3,3.7,,,,10.00,,,,,,,,,,,,,5.00,,,,,,,,5.00,,,,,,,,,,,,,,,,,,,,,,,,,,,,,,,,,,,,,,,,,,,,,,,,,,,,,,,,,,,,,,,10,30,30
SE_3_EX_H5,SE_3_H5,SE,SE_3,Seronera,SE,W,3,EX,H5,1027,-2.437991,34.855418,9/25/2017,12/15/2017,81,265.08,Dig.mac,3,15.8,,,,,,,,,,,,,,,,15.00,5.00,,,,,,,,,,,,,,,,,,,,,,,,,,,,,,,,,,,,,,,,,,,,5.00,,,,,,,,,,,,5.00,,,,,,,,,,,,,,,15,45,45
SE_3_EX2_H5,SE_3_H5,SE,SE_3,Seronera,SE,W,3,EX2,H5,1027,-2.437991,34.855418,9/25/2017,12/15/2017,81,265.08,Dig.mac,4,29,,,,,,,,,,,,,,,,10.00,,,,,,,,,,,,,,,,,,,,,,,,,,,,,,,,,,,,,,,,,,,,,,,,,,,,,,,,,,,,,,,,,,,,,,,,20,30,30
SE_3_OP_H5,SE_3_H5,SE,SE_3,Seronera,SE,W,3,OP,H5,1027,-2.437991,34.855418,9/25/2017,12/15/2017,81,265.08,Dig.mac,2,1.7,,,,,25.00,,,,,,,,,,,,,,,,,,,,,,,,,,5.00,,,,,,,,,,,,,,,,,,,,,,,,,,,,,,5.00,,,,,,,,,,,,,,,,,,,,,,,,,,,10,45,45
SE_4_EX_H5,SE_4_H5,SE,SE_4,Seronera,SE,W,4,EX,H5,1026,-2.438079,34.854989,9/25/2017,12/15/2017,81,265.08,Dig.mac,5.5,20.6,,,,,,,,,,,,,,,,,15.00,,,,,,,,,5.00,,,,,,,,,,,,,,,,,,,,,,,,,,,,,,,,,,,,,,,,,,,,,,,,,,,,,,,,,,,,,,30,50,50
SE_4_EX2_H5,SE_4_H5,SE,SE_4,Seronera,SE,W,4,EX2,H5,1026,-2.438079,34.854989,9/25/2017,12/15/2017,81,265.08,Dig.mac,7,21.6,,,,15.00,,,,,,,,,,,,,10.00,5.00,,,,,,,,,,,,,,,,,,,,,,,,,,,,,,,,,,,,,,,,,,5.00,5.00,,,,,,,,,,,,,,,,,,,,,,,,,,,25,65,65
SE_4_OP_H5,SE_4_H5,SE,SE_4,Seronera,SE,W,4,OP,H5,1026,-2.438079,34.854989,9/25/2017,12/15/2017,81,265.08,Dig.mac,4.5,16.4,,,,15.00,5.00,,,,,,,,,,,,,,,,,,,,,,,,,,,,,,,,,,,,,,,,,,,,,,,,,,,,,,,,5.00,,5.00,,,,,,,,,,,,,,,,,,,,,,,,,10,40,45
WET_W_1_EX_H6,WET_W_1_H6,WET_W,WET_W_1,Handajega,WET,W,1,EX,H6,954,-2.272484,34.023326,12/14/2017,03.10.2018,86,320.25,The.tri,3.5,26.5,,,,,,,,20.00,,,,,,,,,,,,,,,,,,,,,,,,,,,,,,,,,,,,,,,,,,,,,,,5.00,,,,,,,,,,,,,,,,,,,,,,,,,,,,,,,,,35,60,60
WET_W_1_OP_H6,WET_W_1_H6,WET_W,WET_W_1,Handajega,WET,W,1,OP,H6,954,-2.272484,34.023326,12/14/2017,03.10.2018,86,320.25,The.tri,3.5,16.25,,,,,,,,,,,,,,,,,10.00,,,,,,,,,,5.00,,,,,,,,,,,,,,,,,,,,,,,,,,,,,,,,,,,,,,,,,,,,,,,,,,,,,,,,,,,,,35,50,50
WET_W_2_EX_H6,WET_W_2_H6,WET_W,WET_W_2,Handajega,WET,W,2,EX,H6,953,-2.2783,34.024459,12/14/2017,03.10.2018,86,320.25,The.tri,4,25.25,,,,,,,40.00,10.00,,,10.00,,,,,,,,,,,,,,,,,,,,,,,,,,,,,,,,,,,,,,,,,,,,,,,,,,,,,,,,,,,,,,,,,,,,,,,,,,,,,10,70,70
WET_W_2_OP_H6,WET_W_2_H6,WET_W,WET_W_2,Handajega,WET,W,2,OP,H6,953,-2.2783,34.024459,12/14/2017,03.10.2018,86,320.25,The.tri,4,7,,,,,,,,25.00,,,,,,,,,,,,,,,,,,,,,,,,,,,,,,,10.00,,,,,,,,,,,,,,,,,,,,,,,,,,,,,,,,,,,,,,,,,,,,,,,,,25,60,60
WET_W_3_EX_H6,WET_W_3_H6,WET_W,WET_W_3,Handajega,WET,W,3,EX,H6,951,-2.277999,34.027678,12/14/2017,03.10.2018,86,320.25,The.tri,2.5,4.5,,,,,,,,10.00,,,,,,,,,,,,,,,,,,,,,,,,,,,,,,,,,,,,,,,,,,,,,,,,,,,,,,,,,,,,,,,,,,,,,,,,,,,,,,,,20,30,30
WET_W_3_OP_H6,WET_W_3_H6,WET_W,WET_W_3,Handajega,WET,W,3,OP,H6,951,-2.277999,34.027678,12/14/2017,03.10.2018,86,320.25,The.tri,3.5,4.25,,,,,,,,10.00,,,,,,,,,,,,,,,,,,,,,,,,,,,,,,,,,,,,,,,,,,,,,,,,,,,,,,,,,,,,,,,,,,,,,,,,,,,,,,,,30,40,40
WET_W_4_EX_H6,WET_W_4_H6,WET_W,WET_W_4,Handajega,WET,W,4,EX,H6,950,-2.278837,34.031884,12/14/2017,03.10.2018,86,320.25,The.tri,6,10.25,,,,,,,,,,,,,,,,,20.00,,,,,,,,,,,,,,,,,,,,,,,,,,,,,,,,,,,,,,,,,,,,,,,,,,,,,,,,,,,,,,,,,,,,,,,15,35,35
WET_W_4_OP_H6,WET_W_4_H6,WET_W,WET_W_4,Handajega,WET,W,4,OP,H6,950,-2.278837,34.031884,12/14/2017,03.10.2018,86,320.25,The.tri,2.5,3.25,,,,,,,,,,,,,,,,,10.00,,,,,,,,,,,,,,,,,,,,,,,,,,,,,,,,,,,,,,,,,,,,,,,,,,,,,,,,,,,,,,,,,,,,,,,25,35,35
WET_P_1_EX_H6,WET_P_1_H6,WET_P,WET_P_1,Mwantimba,WET,P,1,EX,H6,957,-2.350052,34.049976,12/13/2017,03.09.2018,86,297.55,Chr.ori,2.5,3.5,,,,,,,,,,,,,,,,,,,,,,,,,5.00,,,,,,,,,,,,,,,,,,,,,,,,,,,,,,,,10.00,,,,,,,,,,,,,,,,,,,,,,,,,,,,,,,75,90,90
WET_P_1_OP_H6,WET_P_1_H6,WET_P,WET_P_1,Mwantimba,WET,P,1,OP,H6,957,-2.350052,34.049976,12/13/2017,03.09.2018,86,297.55,Chr.ori,1.5,2.13,,,,,,,,,,,,,,,,,,,,,,,,,,,,,,,,,,,,,,,,,,,,,,,,,,,,,,,,,5.00,,,,,,,,,,,,,,,,,,,,,,,,,,,,,,,75,80,80
WET_P_2_EX_H6,WET_P_2_H6,WET_P,WET_P_2,Mwantimba,WET,P,2,EX,H6,959,-2.348488,34.05011,12/13/2017,03.09.2018,86,297.55,Chr.ori,5.5,16,,,,3.00,,,,,,,,,5.00,,,,,,,,,,,,,,,,,,,,,,,,,,,,,,,,,,,,,,,,,,,,20.00,,,,,,,,,,,,,,,,,,,,,,,,,,,,,,,67,95,95
WET_P_2_OP_H6,WET_P_2_H6,WET_P,WET_P_2,Mwantimba,WET,P,2,OP,H6,959,-2.348488,34.05011,12/13/2017,03.09.2018,86,297.55,Chr.ori,2.5,3.63,,,,,,,,,,,,,10.00,,,,,,,,,,,,,,,,,,,,,,,,,,,,,,,,,,,,,,,,,,,,15.00,,,,,,,,,,,,,,,,,,,,,,,,,,,,,,,50,75,75
WET_P_3_EX_H6,WET_P_3_H6,WET_P,WET_P_3,Mwantimba,WET,P,3,EX,H6,1022,-2.367293,34.062509,12/13/2017,03.09.2018,86,297.55,Chr.ori,2,10,,,,,,,,,,,,,10.00,,,,3.00,,,,,,,,,,5.00,,,,,,,,,,,,,,,,,,,,,,,,,,,,,,,,,,,,,,,,,,,,,,,,,,,,,,,,,,,,,72,90,90
WET_P_3_OP_H6,WET_P_3_H6,WET_P,WET_P_3,Mwantimba,WET,P,3,OP,H6,1022,-2.367293,34.062509,12/13/2017,03.09.2018,86,297.55,Chr.ori,1.5,2.25,,,,,,,,,,,,,5.00,,,,,,,,,,,,,,,,,,,,,,,,,,,,,,,,,,,,,,,,,,,,,,,,2.00,,,,,,,,,,,,,,,,,,,,,,,,,,,78,85,85
WET_P_4_EX_H6,WET_P_4_H6,WET_P,WET_P_4,Mwantimba,WET,P,4,EX,H6,1020,-2.36857,34.062586,12/13/2017,03.09.2018,86,297.55,Chr.ori,3.5,20.25,,,,,,,,,,,,,30.00,,,,,,,,,,,,15.00,,,,,,,,,,,,,,,,,,,,,,,,,,,,,,,,,,,,,,,,,,,,,,,,,,,,,,,,,,,,,,,50,95,95
WET_P_4_OP_H6,WET_P_4_H6,WET_P,WET_P_4,Mwantimba,WET,P,4,OP,H6,1020,-2.36857,34.062586,12/13/2017,03.09.2018,86,297.55,Chr.ori,1.5,4.63,,,,,,,,,,,,,20.00,,,,,,,,,,,,,,,,,2.00,,,,,,,,,,,,,,,,,,,,,,,,,,,1.00,,,,,,,,,,,,,,,,,,,,,,,,,,,,,,,57,80,80
DRY_W_1_EX_H6,DRY_W_1_H6,DRY_W,DRY_W_1,Maswa,DRY,W,1,EX,H6,995,-3.299332,34.848458,12.11.2017,03.07.2018,86,426.87,Cyn.dac,2.5,11.25,,,,,,,,,,,,,5.00,,,,,,,13.00,,,,,,,,,,,,,,,,,,,2.00,,,,,,,,,,,15.00,,,,,,,,,,,,,,,,,,,,,,,,,,,,,,,,,,,,,,13,48,50
DRY_W_1_EX2_H6,DRY_W_1_H6,DRY_W,DRY_W_1,Maswa,DRY,W,1,EX2,H6,995,-3.299332,34.848458,12.11.2017,03.07.2018,86,426.87,Cyn.dac,3.5,20.25,,,5.00,,,,,,,,,,15.00,,,,,,,10.00,,,,,,,,,,,,,,,,,,,5.00,,,,,,,,,,,,,,,,,,,,,,,,,10.00,,,,,,,,,,,,,,,,,,,,,,,,30,75,75
DRY_W_1_OP_H6,DRY_W_1_H6,DRY_W,DRY_W_1,Maswa,DRY,W,1,OP,H6,995,-3.299332,34.848458,12.11.2017,03.07.2018,86,426.87,Cyn.dac,0.5,2,,,1.00,,,,,,,,,,,,,,,,,2.00,,,,,,,,,,2.00,,,,,,,,,,,,,,,,,,,,,,,,,,,,,,,,,,,,,,,,,,,,,,,,,3.00,,,,,,,,,2,10,10
DRY_W_2_EX_H6,DRY_W_2_H6,DRY_W,DRY_W_2,Maswa,DRY,W,2,EX,H6,980,-3.303268,34.847796,12.11.2017,03.07.2018,86,426.87,Cyn.dac,1.5,11.75,,,,,,,,,,,,,,,,,,,,15.00,,,,,,,,,,,,,,,,,,,3.00,,,,,,,,,,,3.00,,,,,,,,,,5.00,,,,,,,,,,,,,,,,,,,2.00,,,,,,,,,20,48,48
DRY_W_2_EX2_H6,DRY_W_2_H6,DRY_W,DRY_W_2,Maswa,DRY,W,2,EX2,H6,980,-3.303268,34.847796,12.11.2017,03.07.2018,86,426.87,Cyn.dac,2,5.75,,,5.00,,,,,,,,,,,,,,,,,20.00,,,,,,,,,,,,,,,,,,,3.00,,,,,,,,,,,,,,,,,,,,,,,,,,1.00,,,,,,,,,,,,,,2.00,,,,,,,,,10,41,41
DRY_W_2_OP_H6,DRY_W_2_H6,DRY_W,DRY_W_2,Maswa,DRY,W,2,OP,H6,980,-3.303268,34.847796,12.11.2017,03.07.2018,86,426.87,Cyn.dac,1,2.25,,,1.00,,,,,,,,,,4.00,,,,,,,7.00,,,,,,,,,,,,,,,,,,,,,,,,,,,,,,,,,,,,,,,,,,,,,,,,,,,,,,,,,,,,,,,,,,,,8,20,20
DRY_W_3_EX_H6,DRY_W_3_H6,DRY_W,DRY_W_3,Maswa,DRY,W,3,EX,H6,998,-3.295645,34.852435,12.11.2017,03.07.2018,86,426.87,Cyn.dac,3,5,,,,,,,,,,,,,,,,,,,,20.00,,,5.00,,,,,,,,,,,,,,,,,,,,,,,,,,,15.00,,,,,,,,5.00,,,,,,,,,,,,,,,,,,,,,,,,,,,,,,10,55,55
DRY_W_3_EX2_H6,DRY_W_3_H6,DRY_W,DRY_W_3,Maswa,DRY,W,3,EX2,H6,998,-3.295645,34.852435,12.11.2017,03.07.2018,86,426.87,Cyn.dac,2.5,4.13,,,,,,,,,,,,,,,,,,,,15.00,,,3.00,,,,,,,,,,,,,,,,,,,,,,,,,,,3.00,,,,,,,,2.00,,,,,,5.00,,,,,,,,,,,,,,,,,,,,,,,,25,53,55
DRY_W_3_OP_H6,DRY_W_3_H6,DRY_W,DRY_W_3,Maswa,DRY,W,3,OP,H6,998,-3.295645,34.852435,12.11.2017,03.07.2018,86,426.87,Cyn.dac,3,2,,,,,,,,,,,,,,,,,,,,20.00,,,,,,,,,,,,,,,,,,,,,,,,,,,,,,2.00,,,,,,,,3.00,,,,,,,,,,,,,,,,,,,,,,,,,,,,,,15,40,40
DRY_W_4_EX_H6,DRY_W_4_H6,DRY_W,DRY_W_4,Maswa,DRY,W,4,EX,H6,1000,-3.296013,34.854327,12.11.2017,03.07.2018,86,427.57,Cyn.dac,1.5,9.38,,,,,,,,,,,,,,,,,,,,28.00,,,,,,,,,,,,,,,,,,,,,,,,,,,,,,,,,,,,,,5.00,,,,,,,5.00,,,,,,,,,,,,,,,,,,,,,,,7,45,45
DRY_W_4_EX2_H6,DRY_W_4_H6,DRY_W,DRY_W_4,Maswa,DRY,W,4,EX2,H6,1000,-3.296013,34.854327,12.11.2017,03.07.2018,86,427.57,Cyn.dac,1.5,2.13,,,,,,,,,,,,,,,,,,,,20.00,,,,,,,,,,,,,,,,,,,,,,,,,,,,,,,,,,,,,,2.00,,,,,,,,,,,,,,,,,,,,,,,,,,,,,,8,30,30
DRY_W_4_OP_H6,DRY_W_4_H6,DRY_W,DRY_W_4,Maswa,DRY,W,4,OP,H6,1000,-3.296013,34.854327,12.11.2017,03.07.2018,86,427.57,Cyn.dac,2,3.13,,,,,,,,,,,,,,,,,,,,12.00,2.00,,,,,,,,,,,,,,,,,,,,,,,,2.00,,,,,3.00,,,,,,,,2.00,,,,,,,,,,,,,,,,,,,,,,,,,,,,,,15,36,35
DRY_P_1_EX_H6,DRY_P_1_H6,DRY_P,DRY_P_1,Makao,DRY,P,1,EX,H6,1009,-3.303212,34.847736,12.10.2017,03.08.2018,88,470.8,Chl.pyc,10.5,35.5,,,,,,,,,,,,,,,,,,,,,,,10.00,,,,,,20.00,,,15.00,,,,,,,,,,,,,,,,,,,,,,,,,,,,,,,,10.00,,15.00,15.00,10.00,,,,,,,,,,,,,,,,,,,,0,95,95
DRY_P_1_OP_H6,DRY_P_1_H6,DRY_P,DRY_P_1,Makao,DRY,P,1,OP,H6,1009,-3.303212,34.847736,12.10.2017,03.08.2018,88,470.8,Chl.pyc,2,3.88,,,,,,,,,,,,,10.00,,,,,,,,,,,,,,,,10.00,,,,,,,,,,10.00,,,,,,,,,,,,,,,,,,,,,,,,,,,,,,3.00,,,,,,,,,,2.00,,,,,,,,,15,50,50
DRY_P_2_EX_H6,DRY_P_2_H6,DRY_P,DRY_P_2,Makao,DRY,P,2,EX,H6,1006,-3.408426,34.850244,12.10.2017,03.08.2018,88,470.8,Chl.pyc,2.5,17.25,,,,,,,,,,,,,10.00,,,,,,,,,,,,,,,,,5.00,,15.00,,,,,,,5.00,,,,,,,,,,,3.00,,,,,,,,,,,,,,,,,,,,,,,,,,,,,,,,,,,,,,30,68,68
DRY_P_2_OP_H6,DRY_P_2_H6,DRY_P,DRY_P_2,Makao,DRY,P,2,OP,H6,1006,-3.408426,34.850244,12.10.2017,03.08.2018,88,470.8,Chl.pyc,1.5,1.25,,,,,,,,,,,,,5.00,,,,,,,,,,,,,,,,,,5.00,5.00,,,,,,,10.00,,,,,,,,,,,,,,,,,,,,,,,,,,,,,,,,,,,,,,,,,,,,,,,,,5,30,30
DRY_P_3_EX_H6,DRY_P_3_H6,DRY_P,DRY_P_3,Makao,DRY,P,3,EX,H6,1001,-3.406316,34.850407,12.10.2017,03.08.2018,88,470.8,Chl.pyc,2,7.25,,,,,,,,,,,,,10.00,,,,,,,,,,,,,,,,10.00,2.00,5.00,3.00,,,,,,,,,,,,,,,,,,,,,,,,,,,,,,,,,,,5.00,,,5.00,,,,,,,,,5.00,,,,,,,,,25,70,70
DRY_P_3_OP_H6,DRY_P_3_H6,DRY_P,DRY_P_3,Makao,DRY,P,3,OP,H6,1001,-3.406316,34.850407,12.10.2017,03.08.2018,88,470.8,Chl.pyc,1.5,4.5,,,,,,,,,,,,,20.00,,,,,,,,,,,,,,,,10.00,5.00,,,,,,,,,,,,,,,,,,,,,,,,,,,,,,,,,,,,,,,,,,,,,,,,,5.00,,,,,,,,,30,70,70
DRY_P_4_EX_H6,DRY_P_4_H6,DRY_P,DRY_P_4,Makao,DRY,P,4,EX,H6,1003,-3.406853,34.8516,12.10.2017,03.08.2018,88,470.8,Chl.pyc,3,13.38,,,,,,,,,,,,,15.00,2.00,,,,,,,,,,,,,,,20.00,,10.00,,,,,,,,,,,,,,,,,,,,,,,,,,,,,,,,,,,,,,,,5.00,,,,,,,,5.00,,,,,,,,,5,62,62
DRY_P_4_OP_H6,DRY_P_4_H6,DRY_P,DRY_P_4,Makao,DRY,P,4,OP,H6,1003,-3.406853,34.8516,12.10.2017,03.08.2018,88,470.8,Chl.pyc,2,3.75,,,,,,,,,,,,,5.00,,,,,,,,,,,,,,,,,20.00,,,,,,,,,,,,,,,,,,,,,,,,,,,,,,,,,,,,,,,,,10.00,,,,,,,,5.00,,,,,,,,,5,45,45
SE_1_EX_H6,SE_1_H6,SE,SE_1,Seronera,SE,W,1,EX,H6,1023,-2.437747,34.855162,12/15/2017,03.12.2018,87,327.09,Dig.mac,17,37,,,,,,,,,,,,,5.00,,,,35.00,,,,,,,,,,5.00,,,,10.00,,,,,,,,,,,,,,,,,,,,,,,,,,,,,5.00,,,,,,,,,,,,25.00,,,,,,,,,,,,,,,,13,98,98
SE_1_EX2_H6,SE_1_H6,SE,SE_1,Seronera,SE,W,1,EX2,H6,1023,-2.437747,34.855162,12/15/2017,03.12.2018,87,327.09,Dig.mac,6.5,30.5,,,,5.00,,,,,,,,,20.00,,,,15.00,,,,,,,,,,,,,,,,,,,,,,,,,,,,,,,,,,,,,,,,,,,,,,5.00,,,,,,,,,,,,,,,,,,,,,,,,,15,60,60
SE_1_OP_H6,SE_1_H6,SE,SE_1,Seronera,SE,W,1,OP,H6,1023,-2.437747,34.855162,12/15/2017,03.12.2018,87,327.09,Dig.mac,4,18.75,,,,10.00,,,,,,,,,5.00,,,,15.00,,,,,,,,,,5.00,,,,,,,,,,,,,,,,,,,,,,,,,,,,,,,,,,,,,,,,,,,,,,5.00,,,,,,,,,,,,,,,10,50,50
SE_2_EX_H6,SE_2_H6,SE,SE_2,Seronera,SE,W,2,EX,H6,1025,-2.437766,34.855394,12/15/2017,03.12.2018,87,327.09,Dig.mac,6,30.5,,,,,,,,,,,,,3.00,,,,15.00,,,,,,,,,,20.00,,5.00,,,,,,,,,,,,,,,,,,,,,,,,,,,,,,,,,,5.00,,,,,,,,,,2.00,,,,,,,,,,,,,,,20,70,70
SE_2_EX2_H6,SE_2_H6,SE,SE_2,Seronera,SE,W,2,EX2,H6,1025,-2.437766,34.855394,12/15/2017,03.12.2018,87,327.09,Dig.mac,11,45.5,,,,,,,,,,,,15.00,,,,,15.00,,,,,,,,,,,,,,15.00,,,,,,,,,,,,,,,,,,,,,,,,,,,,,,5.00,,,,,,,,,,,,5.00,,,,,,,,,,,,,,,35,90,90
SE_2_OP_H6,SE_2_H6,SE,SE_2,Seronera,SE,W,2,OP,H6,1025,-2.437766,34.855394,12/15/2017,03.12.2018,87,327.09,Dig.mac,6,24.75,,,5.00,,,,,,,,,,,,,,10.00,,,,,,,,,,5.00,,,,15.00,,,,,,,,,,,,,,,,,,,,,,,,,,,,,,,,,,,,,,,,,,5.00,,,,,,,,,,,,,,,15,55,55
SE_3_EX_H6,SE_3_H6,SE,SE_3,Seronera,SE,W,3,EX,H6,1027,-2.437991,34.855418,12/15/2017,03.12.2018,87,327.09,Dig.mac,9,27.5,,,,20.00,,,,,,,,,,15.00,,,15.00,,,,,,,,,,,,,,,,,,,,10.00,,,,,,,,,,,,,,,,,,,,,,,,,,15.00,,,,,,,,,,5.00,5.00,,,,,,,,,,,,,,15,100,90
SE_3_EX2_H6,SE_3_H6,SE,SE_3,Seronera,SE,W,3,EX2,H6,1027,-2.437991,34.855418,12/15/2017,03.12.2018,87,327.09,Dig.mac,4,18.5,,,,,,,,,,,,,,,,,15.00,,,,,,,,,,,,,,,,,,,,,,,,,,,,,,,,,,,,,,,,,,,,15.00,,,,,,,,,,,,5.00,,,,,,,,,,,,,,,15,50,50
SE_3_OP_H6,SE_3_H6,SE,SE_3,Seronera,SE,W,3,OP,H6,1027,-2.437991,34.855418,12/15/2017,03.12.2018,87,327.09,Dig.mac,3.5,9.5,,,,,,,,,,,,,,,,,3.00,,,,,,,,,,,,,,5.00,,,,,,2.00,,,,,,,,,,,,,,,,,,,,,,,,15.00,,,,,,,,,,,,,,,,,,,,,,,,,,,20,45,45
SE_4_EX_H6,SE_4_H6,SE,SE_4,Seronera,SE,W,4,EX,H6,1026,-2.438079,34.854989,12/15/2017,03.12.2018,87,327.09,Dig.mac,3.5,27.5,,,,,20.00,,,,,,,,,,,10.00,,,,,,,,,,,,,,,,,,,,,,,,,,,,,,,,,,,,,5.00,,,,,,,,,,10.00,,,,,,,,,,,,,,,,,,,,,,,,,25,70,70
SE_4_EX2_H6,SE_4_H6,SE,SE_4,Seronera,SE,W,4,EX2,H6,1026,-2.438079,34.854989,12/15/2017,03.12.2018,87,327.09,Dig.mac,8,46,,,,,,,,,,,,,,,,10.00,25.00,,,,,,,,,,,,,,15.00,,,,,,,,,,,,,,,,,,,,,,,,,,5.00,,,,,,,,,,,,,,,35.00,,,,,,,,,,,,,,,,8,98,98
SE_4_OP_H6,SE_4_H6,SE,SE_4,Seronera,SE,W,4,OP,H6,1026,-2.438079,34.854989,12/15/2017,03.12.2018,87,327.09,Dig.mac,10.5,18.25,,,,,,,,,,,,,,,,,30.00,,,,,,,,,5.00,10.00,,,,,,,,,,,,,,,,,,,,,,,,,,,,,,,,,,,,,,,,,,,,,,,,,,,,,,,,,,,,,35,80,80
WET_W_1_EX_H7,WET_W_1_H7,WET_W,WET_W_1,Handajega,WET,W,1,EX,H7,954,-2.272484,34.023326,03.10.2018,5/22/2018,73,523.94,The.tri,14.5,101.2,,5.00,,,,,5.00,,,,,,,,,5.00,35.00,,,,,,,,,,,,,,,,,,,,,,,,,,,,,,,,,,,,,10.00,,,,,,,5.00,,,,,,,,,,,,,,,,,,,,,,,,,,,35,100,100
WET_W_1_OP_H7 ,WET_W_1_H7,WET_W,WET_W_1,Handajega,WET,W,1,OP,H7,954,-2.272484,34.023326,03.10.2018,5/22/2018,73,523.94,The.tri,7,81,,,,,,,,,,,,,10.00,,,,10.00,,,,,,,,,,,,,,,,,,,,,,,,,,,,,,,,,,,,,,,,,,,,,,30.00,,,,,,,,,,,,,,,,,,,,,,,,,40,90,90
WET_W_2_EX_H7,WET_W_2_H7,WET_W,WET_W_2,Handajega,WET,W,2,EX,H7,953,-2.2783,34.024459,03.10.2018,5/22/2018,73,523.94,The.tri,14,93.8,,,,,,,,,,30.00,,,,,,,,,,,,,,,,,,,,,,,,,,,,,,,,,,15.00,,,,,,,,,,,,,,,,,,,12.00,,,,,,,,,,,,,,,,,,,,,,,,,40,97,97
WET_W_2_OP_H7,WET_W_2_H7,WET_W,WET_W_2,Handajega,WET,W,2,OP,H7,953,-2.2783,34.024459,03.10.2018,5/22/2018,73,523.94,The.tri,11,76,,,,,,,20.00,,10.00,,,,,,,,,,,,,,,,,,,,,,,,,,,,,,,,,,,20.00,,,,,,,,,,,,,,,,,,,20.00,,,,,,,3.00,,,,,,,,,,,,,,,,,,20,93,93
WET_W_3_EX_H7,WET_W_3_H7,WET_W,WET_W_3,Handajega,WET,W,3,EX,H7,951,-2.277999,34.027678,03.10.2018,5/22/2018,73,523.94,The.tri,13,63.4,,,,,,,80.00,,,,,,,,,,,,,,,,,,,,,,,,,,,,,,,,,,,,,,,,,,,,,,,,,,,,,,,,10.00,,,,,,,,,,,,,,,,,,,,,,,,,0,90,90
WET_W_3_OP_H7,WET_W_3_H7,WET_W,WET_W_3,Handajega,WET,W,3,OP,H7,951,-2.277999,34.027678,03.10.2018,5/22/2018,73,523.94,The.tri,14,81.2,,,5.00,,,,60.00,,5.00,,,,,,,,,,,,,,,,,,,,,,,,,,,,,,,,,,,,,,,,,,,,,,,,,,,,,,10.00,,,,,,,,,,,,,,,,,,,,,,,,,5,85,85
WET_W_4_EX_H7,WET_W_4_H7,WET_W,WET_W_4,Handajega,WET,W,4,EX,H7,950,-2.278837,34.031884,03.10.2018,5/22/2018,73,523.94,The.tri,16,80,10.00,,,,,,,,,,,,,,,,65.00,,,,,,,,,,,,,,,,,,,,,,,,,,,5.00,,,,,,,,,,,,,,,,,,,,,,,,,,,,,,,,,,,,,,,,,,,,10,90,90
WET_W_4_OP_H7,WET_W_4_H7,WET_W,WET_W_4,Handajega,WET,W,4,OP,H7,950,-2.278837,34.031884,03.10.2018,5/22/2018,73,523.94,The.tri,15,110.6,,,,,,,,,,,,,,,,,15.00,,,,,,,,,,,,,,,,,,,,,,,,,,,,,,,,,,,,,,,,,,,,,,,,,,,,,,,,,,,,20.00,,,,,,,,,,,55,90,90
WET_P_1_EX_H7,WET_P_1_H7,WET_P,WET_P_1,Mwantimba,WET,P,1,EX,H7,957,-2.350052,34.049976,03.09.2018,5/21/2018,73,505.46,Chr.ori,4.5,31.4,,,,,,,,,,,,,,,,,,,,,,,,,,,,,,,,,,,,,,,,,,,,,,,,,,,,,,,,,,,,,,,,,,,,,,,,,5.00,,,,,,,,,,,,,,,92,97,97
WET_P_1_OP_H7,WET_P_1_H7,WET_P,WET_P_1,Mwantimba,WET,P,1,OP,H7,957,-2.350052,34.049976,03.09.2018,5/21/2018,73,505.46,Chr.ori,4.5,19,,,,,,,,,,,,,,,,,,,,,,,,,,,,,,,,,,,,,,,,,,,,,,,,,,,,,,,,,,,,,,,,,,,,,,,,,5.00,,,,,,,,,,,,,,,90,95,95
WET_P_2_EX_H7,WET_P_2_H7,WET_P,WET_P_2,Mwantimba,WET,P,2,EX,H7,959,-2.348488,34.05011,03.09.2018,5/21/2018,73,505.46,Chr.ori,5,66.6,,,,5.00,,,,,,,,,5.00,,,,,,,,,,,,,,,,,,,,,,,,,,,,,,,,,,,,,,,,,,,,,,,,,,,,,,,,,,,,10.00,,,,,,,,,,,,,,,76,96,96
WET_P_2_OP_H7,WET_P_2_H7,WET_P,WET_P_2,Mwantimba,WET,P,2,OP,H7,959,-2.348488,34.05011,03.09.2018,5/21/2018,73,505.46,Chr.ori,5,45.3,,,,,,,,,,,,,,,,,,,,,,,,,,,,,,,,,,,,,,,,,,,,,,,,,,,,,,,,,,,,,,,,,,,,,,,,,15.00,,,,,,,,,,,,,,,80,95,95
WET_P_3_EX_H7,WET_P_3_H7,WET_P,WET_P_3,Mwantimba,WET,P,3,EX,H7,1022,-2.367293,34.062509,03.09.2018,5/21/2018,73,505.46,Chr.ori,9,60.6,,,,,,70.00,,,,,,,5.00,,,,,,,,,,,,,,,,,,,,,,,,,,,,,,,,,,,,,,,,,,,,,,,,,,,,,,,,,,,,,,,,,,,,,,,,,,,23,98,98
WET_P_3_OP_H7,WET_P_3_H7,WET_P,WET_P_3,Mwantimba,WET,P,3,OP,H7,1022,-2.367293,34.062509,03.09.2018,5/21/2018,73,505.46,Chr.ori,4.5,40,,,,,,75.00,,,,,,,10.00,,,,,,,,,,,,,,,,,,,,,,,,,,,,,,,,,,,,,,,,,,,,,,,,,,,,,,,,,,,,,,,,,,,,,,,,,,,0,85,85
WET_P_4_EX_H7,WET_P_4_H7,WET_P,WET_P_4,Mwantimba,WET,P,4,EX,H7,1020,-2.36857,34.062586,03.09.2018,5/21/2018,73,505.46,Chr.ori,11,61.4,,,,,,95.00,,,,,,,3.00,,,,,,,,,,,,,,,,,,,,,,,,,,,,,,,,,,,,,,,,,,,,,,,,,,,,,,,,,,,,,,,,,,,,,,,,,,,0,98,98
WET_P_4_OP_H7,WET_P_4_H7,WET_P,WET_P_4,Mwantimba,WET,P,4,OP,H7,1020,-2.36857,34.062586,03.09.2018,5/21/2018,73,505.46,Chr.ori,5.5,44.4,,,5.00,40.00,,35.00,,,,,,,5.00,,,,,,,,,,,,,,,,,,,,,,,,,,,,,,,,,,,,,,,,,,,,,,,,5.00,,,,,,,,,,,,,,,,,5.00,,,,,,,,,,0,95,95
DRY_W_1_EX_H7,DRY_W_1_H7,DRY_W,DRY_W_1,Maswa,DRY,W,1,EX,H7,995,-3.299332,34.848458,03.07.2018,5/25/2018,79,338.35,Cyn.dac,4,55,,,,,,15.00,,,,,,,,,,,,,,,,15.00,,,,,,,2.00,3.00,,,,,,,,,,,,,,,3.00,,,,,,,,,,,,,,,,,,,,,,,,,,,,,,2.00,2.00,,,2.00,,,,,,,,,25,69,69
DRY_W_1_EX2_H7,DRY_W_1_H7,DRY_W,DRY_W_1,Maswa,DRY,W,1,EX2,H7,995,-3.299332,34.848458,03.07.2018,5/25/2018,79,338.35,Cyn.dac,13.5,57.6,,,5.00,,,3.00,,,,,,,,,,,,,,,,5.00,,,,,,,,,,,,,,,,,2.00,,,,,,,,,,,,,,,,,,,,,,,,,,,,,,,,,,,,,45.00,,,,,,,,,,,,10,70,70
DRY_W_1_OP_H7,DRY_W_1_H7,DRY_W,DRY_W_1,Maswa,DRY,W,1,OP,H7,995,-3.299332,34.848458,03.07.2018,5/25/2018,79,338.35,Cyn.dac,9,43.4,,,,,,2.00,,,,,,,,,,,,,,,,5.00,,,,,,,,3.00,,,,,,,,,,,,,,,,,,,,,,,,,,,,,,,,,,,,,,,,,,,,,,35.00,,,5.00,,,,,,,,,7,57,57
DRY_W_2_EX_H7,DRY_W_2_H7,DRY_W,DRY_W_2,Maswa,DRY,W,2,EX,H7,980,-3.303268,34.847796,03.07.2018,5/25/2018,79,338.35,Cyn.dac,10.5,44.4,,,5.00,,,15.00,,,,,,,,,,,,,,,,25.00,,,,,,,,,,,3.00,,,,,,,,,,,,,,,,,,,,,,,,,,,,,,,,,,,,,,,,,,,2.00,,,,,,,,,,,,25,75,75
DRY_W_2_EX2_H7,DRY_W_2_H7,DRY_W,DRY_W_2,Maswa,DRY,W,2,EX2,H7,980,-3.303268,34.847796,03.07.2018,5/25/2018,79,338.35,Cyn.dac,4,31.6,,,,,,15.00,,,,,,,,,,,,,,,,,,,,,,,,5.00,,,,,,,,,,,,,,,5.00,,,,,,,,,,,,,,,,,,,,,,,,,,,,,,3.00,,,,1.00,,,,,,,,,45,74,79
DRY_W_2_OP_H7,DRY_W_2_H7,DRY_W,DRY_W_2,Maswa,DRY,W,2,OP,H7,980,-3.303268,34.847796,03.07.2018,5/25/2018,79,338.35,Cyn.dac,3,16.7,,,,,,5.00,,,,,2.00,,,,,,,2.00,,,,,,,,,,,,15.00,,,,,,,,,,,,,,,5.00,,,,,,,,,,,,,,,,,,,,,,,,,,,,,,,,,,,3.00,,,,,,,,45,77,77
DRY_W_3_EX_H7,DRY_W_3_H7,DRY_W,DRY_W_3,Maswa,DRY,W,3,EX,H7,998,-3.295645,34.852435,03.07.2018,5/25/2018,79,338.35,Cyn.dac,2,7.6,,,1.00,,,10.00,,,,,,,,,,,,,,3.00,,,,,,,,,,,,,,,,,,,,,,,,,5.00,,,,,,,,3.00,,,,,,,5.00,,,,,,,,,,,,,,,,,,,2.00,,,,,,,,,5,34,28
DRY_W_3_EX2_H7,DRY_W_3_H7,DRY_W,DRY_W_3,Maswa,DRY,W,3,EX2,H7,998,-3.295645,34.852435,03.07.2018,5/25/2018,79,338.35,Cyn.dac,4.5,54.6,,,,,,,,,,,,,,,,,,,,,,10.00,,,,,,,,20.00,,,,,,,,,5.00,,,,,,5.00,,,,,,,,,,,,,,,,,,,,,,,,,,,,,,,,,,5.00,,,,,,,,,10,55,55
DRY_W_3_OP_H7,DRY_W_3_H7,DRY_W,DRY_W_3,Maswa,DRY,W,3,OP,H7,998,-3.295645,34.852435,03.07.2018,5/25/2018,79,338.35,Cyn.dac,6,33.4,,,,,,2.00,,,,,,,,,,,,,,5.00,,13.00,,,,,,,,,,,,,,,,,,,,,,,,,,,,,,,,,,,,,,,,,,,,,,,,,,,,,,,,,,,,,,,,,,15,35,35
DRY_W_4_EX_H7,DRY_W_4_H7,DRY_W,DRY_W_4,Maswa,DRY,W,4,EX,H7,1000,-3.296013,34.854327,03.07.2018,5/25/2018,79,335.52,Cyn.dac,2,32,,,,,,5.00,,,,,,,,,,,,,,,,2.00,,,,,,,,20.00,3.00,,,,,,,,,,,,,,,,,,,,,,10.00,,,,,,,,,,,1.00,,,,,,,,,,,3.00,,,,2.00,,,,,,,,,20,66,66
DRY_W_4_EX2_H7,DRY_W_4_H7,DRY_W,DRY_W_4,Maswa,DRY,W,4,EX2,H7,1000,-3.296013,34.854327,03.07.2018,5/25/2018,79,335.52,Cyn.dac,3,55.2,,,,,,,,,,,,,2.00,,,,,,,,,10.00,,,,,,,,20.00,,,,,,,,,,,,,,,5.00,,,,,,,,,,,,,,,,,,,,,,,,,,,,,,,,,,5.00,,10.00,,,,,,,15,67,67
DRY_W_4_OP_H7,DRY_W_4_H7,DRY_W,DRY_W_4,Maswa,DRY,W,4,OP,H7,1000,-3.296013,34.854327,03.07.2018,5/25/2018,79,335.52,Cyn.dac,2,22,,,,,,5.00,,,,,,,,,,,,,,,,15.00,,,,,,,,5.00,,,,,,,,,,,,,,,,,,,,,,,,,,,,,,,,,,,,,,,,,,,,,,3.00,,,3.00,,,,,,,,,10,41,41
DRY_P_1_EX_H7,DRY_P_1_H7,DRY_P,DRY_P_1,Makao,DRY,P,1,EX,H7,1009,-3.303212,34.847736,03.08.2018,5/24/2018,77,281.93,Chl.pyc,2,54.2,,,,,,,,,,,,,,,,15.00,,,3.00,,,,,,,,2.00,,2.00,2.00,,,2.00,5.00,,,,,3.00,,,,,,,,,,,,,,,,,,,,,,,,,,,,,,,,,,,,,,,,,2.00,,3.00,1.00,,,,,70,110,90
DRY_P_1_OP_H7,DRY_P_1_H7,DRY_P,DRY_P_1,Makao,DRY,P,1,OP,H7,1009,-3.303212,34.847736,03.08.2018,5/24/2018,77,281.93,Chl.pyc,3,17.2,,,,,,,,,,,,,,,,,,,,,,,,,,,3.00,,10.00,2.00,,1.00,,,,,,,3.00,,,,,,,,,,,,,,,,,,,,,,,,,,,,,,,,,,,,,,,,1.00,,,,,,,,,30,50,50
DRY_P_2_EX_H7,DRY_P_2_H7,DRY_P,DRY_P_2,Makao,DRY,P,2,EX,H7,1006,-3.408426,34.850244,03.08.2018,5/24/2018,77,281.93,Chl.pyc,4.5,24.4,,,,,,,,,,,,,,,,,,,,,,,,,5.00,,,,,1.00,,2.00,,,,,,,,,,,,,,,,,,5.00,5.00,,,,,,,,,,,,,5.00,,,5.00,,,,,,,,,,,,,,,,,2.00,,,,60,90,90
DRY_P_2_OP_H7,DRY_P_2_H7,DRY_P,DRY_P_2,Makao,DRY,P,2,OP,H7,1006,-3.408426,34.850244,03.08.2018,5/24/2018,77,281.93,Chl.pyc,1.5,10.6,,,,,,,,,,,,,,,,2.00,,,,,,,,,5.00,,,,3.00,,,2.00,,,,,,,,,,,,,5.00,,5.00,,,,,,,,,,,,,,,,,,,,,,,,,,,,,,,,,,,,,,,,,40,62,55
DRY_P_3_EX_H7,DRY_P_3_H7,DRY_P,DRY_P_3,Makao,DRY,P,3,EX,H7,1001,-3.406316,34.850407,03.08.2018,5/24/2018,77,281.93,Chl.pyc,5.5,58.4,,,,,,,,,,,,,,,,,,,,,,5.00,,,,,2.00,,5.00,3.00,,,3.00,5.00,,,,,,,,,,,,,15.00,,,,3.00,,,,,,,,,,,,,,,,,,,,,,,,,,,,,,,,,,,,,60,101,90
DRY_P_3_OP_H7,DRY_P_3_H7,DRY_P,DRY_P_3,Makao,DRY,P,3,OP,H7,1001,-3.406316,34.850407,03.08.2018,5/24/2018,77,281.93,Chl.pyc,9.5,55.6,,,,,,,,,,,,,3.00,,,,,,,,,5.00,,,,,,,,,,,2.00,,,,,,,,,,,,,,3.00,,,,35.00,,,,,,,,,,,,,,,,3.00,,,,,5.00,,,,,,,,,,,,,5.00,,,45,106,98
DRY_P_4_EX_H7,DRY_P_4_H7,DRY_P,DRY_P_4,Makao,DRY,P,4,EX,H7,1003,-3.406853,34.8516,03.08.2018,5/24/2018,77,281.93,Chl.pyc,7,57.6,,,,,,,,,,,,,5.00,,,,,,,,,5.00,,,,,,,15.00,,,,,,,,,,,,,,,,,,,,,,,,,,,,,,,,,,,,,,,,,,,,,,,,,,,,,,,,,,,70,95,98
DRY_P_4_OP_H7,DRY_P_4_H7,DRY_P,DRY_P_4,Makao,DRY,P,4,OP,H7,1003,-3.406853,34.8516,03.08.2018,5/24/2018,77,281.93,Chl.pyc,3.5,29.8,,,,,,,,,,,,,,,,,,,,,,,,,,,,,15.00,,,,,,,,,,,,,,,,,,,,25.00,,,,,,,,,,,,,,,,,,,,,,,,,,,,,,,,,,,,,,,45,85,85
SE_1_EX_H7,SE_1_H7,SE,SE_1,Seronera,SE,W,1,EX,H7,1023,-2.437747,34.855162,03.12.2018,5/19/2018,68,383,Dig.mac,11,49,,,,15.00,,,,,,,,,5.00,,,,30.00,,,,,,,,,,,,,,,,,,,,,,,,,,,,,,,,,,,,,,,,,,,,5.00,,,,,,,,,,,,,,,,,,,,,,,,,5.00,,0,60,68
SE_1_EX2_H7,SE_1_H7,SE,SE_1,Seronera,SE,W,1,EX2,H7,1023,-2.437747,34.855162,03.12.2018,5/19/2018,68,383,Dig.mac,8,33.4,,,,,,,,,,,,,,,,,15.00,,,,,,,,,,7.00,,,,,,,,,,,,,,,,,,,,,,,,,,,,,,,,,,,,,,,,,,,,,,,,,,,,,,,,,,,,,25,47,50
SE_1_OP_H7,SE_1_H7,SE,SE_1,Seronera,SE,W,1,OP,H7,1023,-2.437747,34.855162,03.12.2018,5/19/2018,68,383,Dig.mac,13,63.8,,5.00,5.00,,,,,,,,,5.00,,,,10.00,35.00,,,,,,,,,,,,,,,,,,,,,,,,,,,,,,,,,,,,,,,,,,,,,,,,,,,,,,,,,,,,,,,,,,,,,,,15,75,88
SE_2_EX_H7,SE_2_H7,SE,SE_2,Seronera,SE,W,2,EX,H7,1025,-2.437766,34.855394,03.12.2018,5/19/2018,68,383,Dig.mac,6.5,55,,10.00,,5.00,,,,,,,,,,,,,50.00,,,,,,,,,,,,,,,,,,,,,,,,,,,,,,,,,,,,,,,,,,,,5.00,,,,,,,,,,,,,,,,,,,,,,,,,,,5,75,78
SE_2_EX2_H7,SE_2_H7,SE,SE_2,Seronera,SE,W,2,EX2,H7,1025,-2.437766,34.855394,03.12.2018,5/19/2018,68,383,Dig.mac,9,55.6,,,,20.00,,,,,,,,10.00,8.00,,,,45.00,,,,,,,,,,,,,,,,,,,,,,,,,,,,,,,,,,,,,,,,,,,,,,,,,,,,,,,,,,,,,,,,,,,,,,,0,83,85
SE_2_OP_H7,SE_2_H7,SE,SE_2,Seronera,SE,W,2,OP,H7,1025,-2.437766,34.855394,03.12.2018,5/19/2018,68,383,Dig.mac,6.5,66.6,,,,10.00,10.00,,,,,,,25.00,,,,20.00,,,,,,,,,,,10.00,,,,10.00,,,,,,,,,,,,,,,,,,,,,,,,,,,,,,,,,,,,,,,,,,,,,,,,,,,,,,,,,5,90,95
SE_3_EX_H7,SE_3_H7,SE,SE_3,Seronera,SE,W,3,EX,H7,1027,-2.437991,34.855418,03.12.2018,5/19/2018,68,383,Dig.mac,5,30.8,,15.00,,5.00,,,,,,,,,,,,20.00,15.00,,,,,,,,,,,,,,,,,,,,,,,,,,,,,,,,,,,,,,,,,,,,,,,,,,,,,,,,,,,,,,,,,,,,,,,15,70,72
SE_3_EX2_H7,SE_3_H7,SE,SE_3,Seronera,SE,W,3,EX2,H7,1027,-2.437991,34.855418,03.12.2018,5/19/2018,68,383,Dig.mac,9,53.4,,,,32.00,5.00,,,,,,,,,,,5.00,,,,,,,,,,,,,,,,,,,,,,,,,,,,,,,,,,,,,,,,,,,,,5.00,,,,,,,,,,,,,,,,,,,,,,,,,,,20,67,70
SE_3_OP_H7,SE_3_H7,SE,SE_3,Seronera,SE,W,3,OP,H7,1027,-2.437991,34.855418,03.12.2018,5/19/2018,68,383,Dig.mac,4.5,20,,,,,5.00,,,,,,,,,,,10.00,,,,,,,,,,,,,,,,,,,,,,,,,,,,,,,,,,,,,,,,,,,,,10.00,,,,,,,,,,,,,,,,,,,,,,,,,5.00,,20,50,52
SE_4_EX_H7,SE_4_H7,SE,SE_4,Seronera,SE,W,4,EX,H7,1026,-2.438079,34.854989,03.12.2018,5/19/2018,68,383,Dig.mac,8.5,41.4,,,,,,,,,,,,,5.00,,,5.00,20.00,,,,,,,,,,,,,,,,,,,,,,,,,,,,,,,,,,,,,,,,,,,,,,,,,,,,,,,,,,,,,,,,,,8.00,,,,,30,68,70
SE_4_EX2_H7,SE_4_H7,SE,SE_4,Seronera,SE,W,4,EX2,H7,1026,-2.438079,34.854989,03.12.2018,5/19/2018,68,383,Dig.mac,8.5,34,,,,,5.00,,,,,,,,,,,20.00,,,,,,,,,,,,,,,,,,,,,,,,,,,,,,,,,,,,,,,,,,,,,,,,,,,,,,,,,,,,,,,,,,,,,,5.00,5.00,30,65,70
SE_4_OP_H7,SE_4_H7,SE,SE_4,Seronera,SE,W,4,OP,H7,1026,-2.438079,34.854989,03.12.2018,5/19/2018,68,383,Dig.mac,10,49.2,,,,5.00,,,,,,,,,,,,,45.00,,,,,,,,,,,,,,5.00,,,,,,,,,,,,,,,,,,,,,,,,,,,,,,,,,,,,,,,,,,,,,,,,,,,,,,,,,0,55,55